date,series_key,value
2019-01-02,vn_10y,5.07
2019-01-02,us_10y,2.66
2019-01-02,bond_gap,2.41
2019-01-03,vn_10y,5.08
2019-01-03,us_10y,2.56
2019-01-03,bond_gap,2.52
2019-01-04,vn_10y,5.08
2019-01-04,us_10y,2.67
2019-01-04,bond_gap,2.41
2019-01-07,vn_10y,5.08
2019-01-07,us_10y,2.7
2019-01-07,bond_gap,2.38
2019-01-08,vn_10y,5.01
2019-01-08,us_10y,2.73
2019-01-08,bond_gap,2.28
2019-01-09,vn_10y,5.03
2019-01-09,us_10y,2.74
2019-01-09,bond_gap,2.29
2019-01-10,vn_10y,4.92
2019-01-10,us_10y,2.74
2019-01-10,bond_gap,2.18
2019-01-11,vn_10y,4.9
2019-01-11,us_10y,2.71
2019-01-11,bond_gap,2.19
2019-01-14,vn_10y,4.89
2019-01-14,us_10y,2.71
2019-01-14,bond_gap,2.18
2019-01-15,vn_10y,4.85
2019-01-15,us_10y,2.72
2019-01-15,bond_gap,2.13
2019-01-16,vn_10y,4.86
2019-01-16,us_10y,2.73
2019-01-16,bond_gap,2.13
2019-01-17,vn_10y,4.85
2019-01-17,us_10y,2.75
2019-01-17,bond_gap,2.1
2019-01-18,vn_10y,4.84
2019-01-18,us_10y,2.79
2019-01-18,bond_gap,2.05
2019-01-22,vn_10y,4.84
2019-01-22,us_10y,2.74
2019-01-22,bond_gap,2.1
2019-01-23,vn_10y,4.84
2019-01-23,us_10y,2.76
2019-01-23,bond_gap,2.08
2019-01-24,vn_10y,4.83
2019-01-24,us_10y,2.72
2019-01-24,bond_gap,2.11
2019-01-25,vn_10y,4.82
2019-01-25,us_10y,2.76
2019-01-25,bond_gap,2.06
2019-01-28,vn_10y,4.83
2019-01-28,us_10y,2.75
2019-01-28,bond_gap,2.08
2019-01-29,vn_10y,4.82
2019-01-29,us_10y,2.72
2019-01-29,bond_gap,2.1
2019-01-30,vn_10y,4.83
2019-01-30,us_10y,2.7
2019-01-30,bond_gap,2.13
2019-01-31,vn_10y,4.81
2019-01-31,us_10y,2.63
2019-01-31,bond_gap,2.18
2019-02-01,vn_10y,4.8
2019-02-01,us_10y,2.7
2019-02-01,bond_gap,2.1
2019-02-11,vn_10y,4.76
2019-02-11,us_10y,2.65
2019-02-11,bond_gap,2.11
2019-02-12,vn_10y,4.73
2019-02-12,us_10y,2.68
2019-02-12,bond_gap,2.05
2019-02-13,vn_10y,4.71
2019-02-13,us_10y,2.71
2019-02-13,bond_gap,2.0
2019-02-14,vn_10y,4.68
2019-02-14,us_10y,2.66
2019-02-14,bond_gap,2.02
2019-02-15,vn_10y,4.63
2019-02-15,us_10y,2.66
2019-02-15,bond_gap,1.97
2019-02-19,vn_10y,4.64
2019-02-19,us_10y,2.65
2019-02-19,bond_gap,1.99
2019-02-20,vn_10y,4.65
2019-02-20,us_10y,2.65
2019-02-20,bond_gap,2.0
2019-02-21,vn_10y,4.65
2019-02-21,us_10y,2.69
2019-02-21,bond_gap,1.96
2019-02-22,vn_10y,4.69
2019-02-22,us_10y,2.65
2019-02-22,bond_gap,2.04
2019-02-25,vn_10y,4.7
2019-02-25,us_10y,2.67
2019-02-25,bond_gap,2.03
2019-02-26,vn_10y,4.71
2019-02-26,us_10y,2.64
2019-02-26,bond_gap,2.07
2019-02-27,vn_10y,4.7
2019-02-27,us_10y,2.69
2019-02-27,bond_gap,2.01
2019-02-28,vn_10y,4.7
2019-02-28,us_10y,2.73
2019-02-28,bond_gap,1.97
2019-03-01,vn_10y,4.71
2019-03-01,us_10y,2.76
2019-03-01,bond_gap,1.95
2019-03-04,vn_10y,4.7
2019-03-04,us_10y,2.72
2019-03-04,bond_gap,1.98
2019-03-05,vn_10y,4.71
2019-03-05,us_10y,2.72
2019-03-05,bond_gap,1.99
2019-03-06,vn_10y,4.72
2019-03-06,us_10y,2.69
2019-03-06,bond_gap,2.03
2019-03-07,vn_10y,4.73
2019-03-07,us_10y,2.64
2019-03-07,bond_gap,2.09
2019-03-08,vn_10y,4.73
2019-03-08,us_10y,2.62
2019-03-08,bond_gap,2.11
2019-03-11,vn_10y,4.74
2019-03-11,us_10y,2.64
2019-03-11,bond_gap,2.1
2019-03-12,vn_10y,4.73
2019-03-12,us_10y,2.61
2019-03-12,bond_gap,2.12
2019-03-13,vn_10y,4.73
2019-03-13,us_10y,2.61
2019-03-13,bond_gap,2.12
2019-03-14,vn_10y,4.73
2019-03-14,us_10y,2.63
2019-03-14,bond_gap,2.1
2019-03-15,vn_10y,4.75
2019-03-15,us_10y,2.59
2019-03-15,bond_gap,2.16
2019-03-18,vn_10y,4.74
2019-03-18,us_10y,2.6
2019-03-18,bond_gap,2.14
2019-03-19,vn_10y,4.74
2019-03-19,us_10y,2.61
2019-03-19,bond_gap,2.13
2019-03-20,vn_10y,4.76
2019-03-20,us_10y,2.54
2019-03-20,bond_gap,2.22
2019-03-21,vn_10y,4.78
2019-03-21,us_10y,2.54
2019-03-21,bond_gap,2.24
2019-03-22,vn_10y,4.78
2019-03-22,us_10y,2.44
2019-03-22,bond_gap,2.34
2019-03-25,vn_10y,4.78
2019-03-25,us_10y,2.43
2019-03-25,bond_gap,2.35
2019-03-26,vn_10y,4.82
2019-03-26,us_10y,2.41
2019-03-26,bond_gap,2.41
2019-03-27,vn_10y,4.8
2019-03-27,us_10y,2.39
2019-03-27,bond_gap,2.41
2019-03-28,vn_10y,4.8
2019-03-28,us_10y,2.39
2019-03-28,bond_gap,2.41
2019-03-29,vn_10y,4.78
2019-03-29,us_10y,2.41
2019-03-29,bond_gap,2.37
2019-04-01,vn_10y,4.76
2019-04-01,us_10y,2.49
2019-04-01,bond_gap,2.27
2019-04-02,vn_10y,4.77
2019-04-02,us_10y,2.48
2019-04-02,bond_gap,2.29
2019-04-03,vn_10y,4.78
2019-04-03,us_10y,2.52
2019-04-03,bond_gap,2.26
2019-04-04,vn_10y,4.77
2019-04-04,us_10y,2.51
2019-04-04,bond_gap,2.26
2019-04-05,vn_10y,4.77
2019-04-05,us_10y,2.5
2019-04-05,bond_gap,2.27
2019-04-08,vn_10y,4.77
2019-04-08,us_10y,2.52
2019-04-08,bond_gap,2.25
2019-04-09,vn_10y,4.77
2019-04-09,us_10y,2.51
2019-04-09,bond_gap,2.26
2019-04-10,vn_10y,4.77
2019-04-10,us_10y,2.48
2019-04-10,bond_gap,2.29
2019-04-11,vn_10y,4.78
2019-04-11,us_10y,2.51
2019-04-11,bond_gap,2.27
2019-04-12,vn_10y,4.76
2019-04-12,us_10y,2.56
2019-04-12,bond_gap,2.2
2019-04-16,vn_10y,4.75
2019-04-16,us_10y,2.6
2019-04-16,bond_gap,2.15
2019-04-17,vn_10y,4.75
2019-04-17,us_10y,2.59
2019-04-17,bond_gap,2.16
2019-04-18,vn_10y,4.75
2019-04-18,us_10y,2.57
2019-04-18,bond_gap,2.18
2019-04-22,vn_10y,4.73
2019-04-22,us_10y,2.59
2019-04-22,bond_gap,2.14
2019-04-23,vn_10y,4.73
2019-04-23,us_10y,2.57
2019-04-23,bond_gap,2.16
2019-04-24,vn_10y,4.73
2019-04-24,us_10y,2.53
2019-04-24,bond_gap,2.2
2019-04-25,vn_10y,4.73
2019-04-25,us_10y,2.54
2019-04-25,bond_gap,2.19
2019-04-26,vn_10y,4.73
2019-04-26,us_10y,2.51
2019-04-26,bond_gap,2.22
2019-05-02,vn_10y,4.73
2019-05-02,us_10y,2.55
2019-05-02,bond_gap,2.18
2019-05-03,vn_10y,4.73
2019-05-03,us_10y,2.54
2019-05-03,bond_gap,2.19
2019-05-06,vn_10y,4.75
2019-05-06,us_10y,2.51
2019-05-06,bond_gap,2.24
2019-05-07,vn_10y,4.74
2019-05-07,us_10y,2.45
2019-05-07,bond_gap,2.29
2019-05-08,vn_10y,4.74
2019-05-08,us_10y,2.49
2019-05-08,bond_gap,2.25
2019-05-09,vn_10y,4.74
2019-05-09,us_10y,2.45
2019-05-09,bond_gap,2.29
2019-05-10,vn_10y,4.74
2019-05-10,us_10y,2.47
2019-05-10,bond_gap,2.27
2019-05-13,vn_10y,4.74
2019-05-13,us_10y,2.4
2019-05-13,bond_gap,2.34
2019-05-14,vn_10y,4.74
2019-05-14,us_10y,2.42
2019-05-14,bond_gap,2.32
2019-05-15,vn_10y,4.73
2019-05-15,us_10y,2.37
2019-05-15,bond_gap,2.36
2019-05-16,vn_10y,4.73
2019-05-16,us_10y,2.4
2019-05-16,bond_gap,2.33
2019-05-17,vn_10y,4.73
2019-05-17,us_10y,2.39
2019-05-17,bond_gap,2.34
2019-05-20,vn_10y,4.73
2019-05-20,us_10y,2.41
2019-05-20,bond_gap,2.32
2019-05-21,vn_10y,4.73
2019-05-21,us_10y,2.43
2019-05-21,bond_gap,2.3
2019-05-22,vn_10y,4.73
2019-05-22,us_10y,2.39
2019-05-22,bond_gap,2.34
2019-05-23,vn_10y,4.72
2019-05-23,us_10y,2.31
2019-05-23,bond_gap,2.41
2019-05-24,vn_10y,4.72
2019-05-24,us_10y,2.32
2019-05-24,bond_gap,2.4
2019-05-28,vn_10y,4.71
2019-05-28,us_10y,2.26
2019-05-28,bond_gap,2.45
2019-05-29,vn_10y,4.71
2019-05-29,us_10y,2.25
2019-05-29,bond_gap,2.46
2019-05-30,vn_10y,4.7
2019-05-30,us_10y,2.22
2019-05-30,bond_gap,2.48
2019-05-31,vn_10y,4.7
2019-05-31,us_10y,2.14
2019-05-31,bond_gap,2.56
2019-06-03,vn_10y,4.68
2019-06-03,us_10y,2.07
2019-06-03,bond_gap,2.61
2019-06-04,vn_10y,4.69
2019-06-04,us_10y,2.12
2019-06-04,bond_gap,2.57
2019-06-05,vn_10y,4.68
2019-06-05,us_10y,2.12
2019-06-05,bond_gap,2.56
2019-06-06,vn_10y,4.68
2019-06-06,us_10y,2.12
2019-06-06,bond_gap,2.56
2019-06-07,vn_10y,4.66
2019-06-07,us_10y,2.09
2019-06-07,bond_gap,2.57
2019-06-10,vn_10y,4.67
2019-06-10,us_10y,2.15
2019-06-10,bond_gap,2.52
2019-06-11,vn_10y,4.68
2019-06-11,us_10y,2.15
2019-06-11,bond_gap,2.53
2019-06-12,vn_10y,4.68
2019-06-12,us_10y,2.13
2019-06-12,bond_gap,2.55
2019-06-13,vn_10y,4.68
2019-06-13,us_10y,2.1
2019-06-13,bond_gap,2.58
2019-06-14,vn_10y,4.68
2019-06-14,us_10y,2.09
2019-06-14,bond_gap,2.59
2019-06-17,vn_10y,4.67
2019-06-17,us_10y,2.09
2019-06-17,bond_gap,2.58
2019-06-18,vn_10y,4.67
2019-06-18,us_10y,2.06
2019-06-18,bond_gap,2.61
2019-06-19,vn_10y,4.67
2019-06-19,us_10y,2.03
2019-06-19,bond_gap,2.64
2019-06-20,vn_10y,4.66
2019-06-20,us_10y,2.01
2019-06-20,bond_gap,2.65
2019-06-21,vn_10y,4.66
2019-06-21,us_10y,2.07
2019-06-21,bond_gap,2.59
2019-06-24,vn_10y,4.66
2019-06-24,us_10y,2.02
2019-06-24,bond_gap,2.64
2019-06-25,vn_10y,4.67
2019-06-25,us_10y,2.0
2019-06-25,bond_gap,2.67
2019-06-26,vn_10y,4.67
2019-06-26,us_10y,2.05
2019-06-26,bond_gap,2.62
2019-06-27,vn_10y,4.67
2019-06-27,us_10y,2.01
2019-06-27,bond_gap,2.66
2019-06-28,vn_10y,4.66
2019-06-28,us_10y,2.0
2019-06-28,bond_gap,2.66
2019-07-01,vn_10y,4.67
2019-07-01,us_10y,2.03
2019-07-01,bond_gap,2.64
2019-07-02,vn_10y,4.66
2019-07-02,us_10y,1.98
2019-07-02,bond_gap,2.68
2019-07-03,vn_10y,4.65
2019-07-03,us_10y,1.96
2019-07-03,bond_gap,2.69
2019-07-05,vn_10y,4.62
2019-07-05,us_10y,2.04
2019-07-05,bond_gap,2.58
2019-07-08,vn_10y,4.62
2019-07-08,us_10y,2.05
2019-07-08,bond_gap,2.57
2019-07-09,vn_10y,4.61
2019-07-09,us_10y,2.07
2019-07-09,bond_gap,2.54
2019-07-10,vn_10y,4.6
2019-07-10,us_10y,2.07
2019-07-10,bond_gap,2.53
2019-07-11,vn_10y,4.56
2019-07-11,us_10y,2.13
2019-07-11,bond_gap,2.43
2019-07-12,vn_10y,4.56
2019-07-12,us_10y,2.12
2019-07-12,bond_gap,2.44
2019-07-15,vn_10y,4.55
2019-07-15,us_10y,2.09
2019-07-15,bond_gap,2.46
2019-07-16,vn_10y,4.54
2019-07-16,us_10y,2.13
2019-07-16,bond_gap,2.41
2019-07-17,vn_10y,4.53
2019-07-17,us_10y,2.06
2019-07-17,bond_gap,2.47
2019-07-18,vn_10y,4.53
2019-07-18,us_10y,2.04
2019-07-18,bond_gap,2.49
2019-07-19,vn_10y,4.49
2019-07-19,us_10y,2.05
2019-07-19,bond_gap,2.44
2019-07-22,vn_10y,4.47
2019-07-22,us_10y,2.05
2019-07-22,bond_gap,2.42
2019-07-23,vn_10y,4.49
2019-07-23,us_10y,2.08
2019-07-23,bond_gap,2.41
2019-07-24,vn_10y,4.49
2019-07-24,us_10y,2.05
2019-07-24,bond_gap,2.44
2019-07-25,vn_10y,4.47
2019-07-25,us_10y,2.08
2019-07-25,bond_gap,2.39
2019-07-26,vn_10y,4.47
2019-07-26,us_10y,2.08
2019-07-26,bond_gap,2.39
2019-07-29,vn_10y,4.47
2019-07-29,us_10y,2.06
2019-07-29,bond_gap,2.41
2019-07-30,vn_10y,4.47
2019-07-30,us_10y,2.06
2019-07-30,bond_gap,2.41
2019-07-31,vn_10y,4.42
2019-07-31,us_10y,2.02
2019-07-31,bond_gap,2.4
2019-08-01,vn_10y,4.44
2019-08-01,us_10y,1.9
2019-08-01,bond_gap,2.54
2019-08-02,vn_10y,4.42
2019-08-02,us_10y,1.86
2019-08-02,bond_gap,2.56
2019-08-05,vn_10y,4.42
2019-08-05,us_10y,1.75
2019-08-05,bond_gap,2.67
2019-08-06,vn_10y,4.43
2019-08-06,us_10y,1.73
2019-08-06,bond_gap,2.7
2019-08-07,vn_10y,4.43
2019-08-07,us_10y,1.71
2019-08-07,bond_gap,2.72
2019-08-08,vn_10y,4.44
2019-08-08,us_10y,1.72
2019-08-08,bond_gap,2.72
2019-08-09,vn_10y,4.43
2019-08-09,us_10y,1.74
2019-08-09,bond_gap,2.69
2019-08-12,vn_10y,4.43
2019-08-12,us_10y,1.65
2019-08-12,bond_gap,2.78
2019-08-13,vn_10y,4.42
2019-08-13,us_10y,1.68
2019-08-13,bond_gap,2.74
2019-08-14,vn_10y,4.39
2019-08-14,us_10y,1.59
2019-08-14,bond_gap,2.8
2019-08-15,vn_10y,4.32
2019-08-15,us_10y,1.52
2019-08-15,bond_gap,2.8
2019-08-16,vn_10y,4.28
2019-08-16,us_10y,1.55
2019-08-16,bond_gap,2.73
2019-08-19,vn_10y,4.29
2019-08-19,us_10y,1.6
2019-08-19,bond_gap,2.69
2019-08-20,vn_10y,4.3
2019-08-20,us_10y,1.55
2019-08-20,bond_gap,2.75
2019-08-21,vn_10y,4.28
2019-08-21,us_10y,1.59
2019-08-21,bond_gap,2.69
2019-08-22,vn_10y,4.22
2019-08-22,us_10y,1.62
2019-08-22,bond_gap,2.6
2019-08-23,vn_10y,4.17
2019-08-23,us_10y,1.52
2019-08-23,bond_gap,2.65
2019-08-26,vn_10y,4.21
2019-08-26,us_10y,1.54
2019-08-26,bond_gap,2.67
2019-08-27,vn_10y,4.22
2019-08-27,us_10y,1.49
2019-08-27,bond_gap,2.73
2019-08-28,vn_10y,4.2
2019-08-28,us_10y,1.47
2019-08-28,bond_gap,2.73
2019-08-29,vn_10y,4.2
2019-08-29,us_10y,1.5
2019-08-29,bond_gap,2.7
2019-08-30,vn_10y,4.13
2019-08-30,us_10y,1.5
2019-08-30,bond_gap,2.63
2019-09-03,vn_10y,4.14
2019-09-03,us_10y,1.47
2019-09-03,bond_gap,2.67
2019-09-04,vn_10y,4.1
2019-09-04,us_10y,1.47
2019-09-04,bond_gap,2.63
2019-09-05,vn_10y,4.05
2019-09-05,us_10y,1.57
2019-09-05,bond_gap,2.48
2019-09-06,vn_10y,4.05
2019-09-06,us_10y,1.55
2019-09-06,bond_gap,2.5
2019-09-09,vn_10y,4.05
2019-09-09,us_10y,1.63
2019-09-09,bond_gap,2.42
2019-09-10,vn_10y,4.08
2019-09-10,us_10y,1.72
2019-09-10,bond_gap,2.36
2019-09-11,vn_10y,4.08
2019-09-11,us_10y,1.75
2019-09-11,bond_gap,2.33
2019-09-12,vn_10y,4.03
2019-09-12,us_10y,1.79
2019-09-12,bond_gap,2.24
2019-09-13,vn_10y,3.94
2019-09-13,us_10y,1.9
2019-09-13,bond_gap,2.04
2019-09-16,vn_10y,3.97
2019-09-16,us_10y,1.84
2019-09-16,bond_gap,2.13
2019-09-17,vn_10y,4.01
2019-09-17,us_10y,1.81
2019-09-17,bond_gap,2.2
2019-09-18,vn_10y,3.99
2019-09-18,us_10y,1.8
2019-09-18,bond_gap,2.19
2019-09-19,vn_10y,4.0
2019-09-19,us_10y,1.79
2019-09-19,bond_gap,2.21
2019-09-20,vn_10y,4.0
2019-09-20,us_10y,1.74
2019-09-20,bond_gap,2.26
2019-09-23,vn_10y,4.03
2019-09-23,us_10y,1.72
2019-09-23,bond_gap,2.31
2019-09-24,vn_10y,4.0
2019-09-24,us_10y,1.64
2019-09-24,bond_gap,2.36
2019-09-25,vn_10y,4.01
2019-09-25,us_10y,1.73
2019-09-25,bond_gap,2.28
2019-09-26,vn_10y,4.02
2019-09-26,us_10y,1.7
2019-09-26,bond_gap,2.32
2019-09-27,vn_10y,4.03
2019-09-27,us_10y,1.69
2019-09-27,bond_gap,2.34
2019-09-30,vn_10y,4.04
2019-09-30,us_10y,1.68
2019-09-30,bond_gap,2.36
2019-10-01,vn_10y,4.02
2019-10-01,us_10y,1.65
2019-10-01,bond_gap,2.37
2019-10-02,vn_10y,4.0
2019-10-02,us_10y,1.6
2019-10-02,bond_gap,2.4
2019-10-03,vn_10y,4.01
2019-10-03,us_10y,1.54
2019-10-03,bond_gap,2.47
2019-10-04,vn_10y,4.0
2019-10-04,us_10y,1.52
2019-10-04,bond_gap,2.48
2019-10-07,vn_10y,4.0
2019-10-07,us_10y,1.56
2019-10-07,bond_gap,2.44
2019-10-08,vn_10y,3.98
2019-10-08,us_10y,1.54
2019-10-08,bond_gap,2.44
2019-10-09,vn_10y,3.97
2019-10-09,us_10y,1.59
2019-10-09,bond_gap,2.38
2019-10-10,vn_10y,3.93
2019-10-10,us_10y,1.67
2019-10-10,bond_gap,2.26
2019-10-11,vn_10y,3.9
2019-10-11,us_10y,1.76
2019-10-11,bond_gap,2.14
2019-10-15,vn_10y,3.87
2019-10-15,us_10y,1.77
2019-10-15,bond_gap,2.1
2019-10-16,vn_10y,3.82
2019-10-16,us_10y,1.75
2019-10-16,bond_gap,2.07
2019-10-17,vn_10y,3.73
2019-10-17,us_10y,1.76
2019-10-17,bond_gap,1.97
2019-10-18,vn_10y,3.68
2019-10-18,us_10y,1.76
2019-10-18,bond_gap,1.92
2019-10-21,vn_10y,3.65
2019-10-21,us_10y,1.8
2019-10-21,bond_gap,1.85
2019-10-22,vn_10y,3.61
2019-10-22,us_10y,1.78
2019-10-22,bond_gap,1.83
2019-10-23,vn_10y,3.56
2019-10-23,us_10y,1.77
2019-10-23,bond_gap,1.79
2019-10-24,vn_10y,3.59
2019-10-24,us_10y,1.77
2019-10-24,bond_gap,1.82
2019-10-25,vn_10y,3.7
2019-10-25,us_10y,1.8
2019-10-25,bond_gap,1.9
2019-10-28,vn_10y,3.73
2019-10-28,us_10y,1.85
2019-10-28,bond_gap,1.88
2019-10-29,vn_10y,3.65
2019-10-29,us_10y,1.84
2019-10-29,bond_gap,1.81
2019-10-30,vn_10y,3.64
2019-10-30,us_10y,1.78
2019-10-30,bond_gap,1.86
2019-10-31,vn_10y,3.66
2019-10-31,us_10y,1.69
2019-10-31,bond_gap,1.97
2019-11-01,vn_10y,3.65
2019-11-01,us_10y,1.73
2019-11-01,bond_gap,1.92
2019-11-04,vn_10y,3.7
2019-11-04,us_10y,1.79
2019-11-04,bond_gap,1.91
2019-11-05,vn_10y,3.73
2019-11-05,us_10y,1.86
2019-11-05,bond_gap,1.87
2019-11-06,vn_10y,3.72
2019-11-06,us_10y,1.81
2019-11-06,bond_gap,1.91
2019-11-07,vn_10y,3.71
2019-11-07,us_10y,1.92
2019-11-07,bond_gap,1.79
2019-11-08,vn_10y,3.71
2019-11-08,us_10y,1.94
2019-11-08,bond_gap,1.77
2019-11-12,vn_10y,3.73
2019-11-12,us_10y,1.92
2019-11-12,bond_gap,1.81
2019-11-13,vn_10y,3.74
2019-11-13,us_10y,1.88
2019-11-13,bond_gap,1.86
2019-11-14,vn_10y,3.72
2019-11-14,us_10y,1.82
2019-11-14,bond_gap,1.9
2019-11-15,vn_10y,3.7
2019-11-15,us_10y,1.84
2019-11-15,bond_gap,1.86
2019-11-18,vn_10y,3.66
2019-11-18,us_10y,1.81
2019-11-18,bond_gap,1.85
2019-11-19,vn_10y,3.62
2019-11-19,us_10y,1.79
2019-11-19,bond_gap,1.83
2019-11-20,vn_10y,3.67
2019-11-20,us_10y,1.73
2019-11-20,bond_gap,1.94
2019-11-21,vn_10y,3.68
2019-11-21,us_10y,1.77
2019-11-21,bond_gap,1.91
2019-11-22,vn_10y,3.67
2019-11-22,us_10y,1.77
2019-11-22,bond_gap,1.9
2019-11-25,vn_10y,3.66
2019-11-25,us_10y,1.76
2019-11-25,bond_gap,1.9
2019-11-26,vn_10y,3.69
2019-11-26,us_10y,1.74
2019-11-26,bond_gap,1.95
2019-11-27,vn_10y,3.52
2019-11-27,us_10y,1.77
2019-11-27,bond_gap,1.75
2019-11-29,vn_10y,3.55
2019-11-29,us_10y,1.78
2019-11-29,bond_gap,1.77
2019-12-02,vn_10y,3.54
2019-12-02,us_10y,1.83
2019-12-02,bond_gap,1.71
2019-12-03,vn_10y,3.53
2019-12-03,us_10y,1.72
2019-12-03,bond_gap,1.81
2019-12-04,vn_10y,3.53
2019-12-04,us_10y,1.77
2019-12-04,bond_gap,1.76
2019-12-05,vn_10y,3.51
2019-12-05,us_10y,1.8
2019-12-05,bond_gap,1.71
2019-12-06,vn_10y,3.5
2019-12-06,us_10y,1.84
2019-12-06,bond_gap,1.66
2019-12-09,vn_10y,3.51
2019-12-09,us_10y,1.83
2019-12-09,bond_gap,1.68
2019-12-10,vn_10y,3.51
2019-12-10,us_10y,1.85
2019-12-10,bond_gap,1.66
2019-12-11,vn_10y,3.51
2019-12-11,us_10y,1.79
2019-12-11,bond_gap,1.72
2019-12-12,vn_10y,3.52
2019-12-12,us_10y,1.9
2019-12-12,bond_gap,1.62
2019-12-13,vn_10y,3.51
2019-12-13,us_10y,1.82
2019-12-13,bond_gap,1.69
2019-12-16,vn_10y,3.51
2019-12-16,us_10y,1.89
2019-12-16,bond_gap,1.62
2019-12-17,vn_10y,3.51
2019-12-17,us_10y,1.89
2019-12-17,bond_gap,1.62
2019-12-18,vn_10y,3.51
2019-12-18,us_10y,1.92
2019-12-18,bond_gap,1.59
2019-12-19,vn_10y,3.5
2019-12-19,us_10y,1.92
2019-12-19,bond_gap,1.58
2019-12-20,vn_10y,3.5
2019-12-20,us_10y,1.92
2019-12-20,bond_gap,1.58
2019-12-23,vn_10y,3.5
2019-12-23,us_10y,1.93
2019-12-23,bond_gap,1.57
2019-12-24,vn_10y,3.48
2019-12-24,us_10y,1.9
2019-12-24,bond_gap,1.58
2019-12-26,vn_10y,3.41
2019-12-26,us_10y,1.9
2019-12-26,bond_gap,1.51
2019-12-27,vn_10y,3.4
2019-12-27,us_10y,1.88
2019-12-27,bond_gap,1.52
2019-12-30,vn_10y,3.41
2019-12-30,us_10y,1.9
2019-12-30,bond_gap,1.51
2019-12-31,vn_10y,3.39
2019-12-31,us_10y,1.92
2019-12-31,bond_gap,1.47
2020-01-02,vn_10y,3.43
2020-01-02,us_10y,1.88
2020-01-02,bond_gap,1.55
2020-01-03,vn_10y,3.39
2020-01-03,us_10y,1.8
2020-01-03,bond_gap,1.59
2020-01-06,vn_10y,3.22
2020-01-06,us_10y,1.81
2020-01-06,bond_gap,1.41
2020-01-07,vn_10y,3.19
2020-01-07,us_10y,1.83
2020-01-07,bond_gap,1.36
2020-01-08,vn_10y,3.12
2020-01-08,us_10y,1.87
2020-01-08,bond_gap,1.25
2020-01-09,vn_10y,3.08
2020-01-09,us_10y,1.85
2020-01-09,bond_gap,1.23
2020-01-10,vn_10y,3.09
2020-01-10,us_10y,1.83
2020-01-10,bond_gap,1.26
2020-01-13,vn_10y,3.09
2020-01-13,us_10y,1.85
2020-01-13,bond_gap,1.24
2020-01-14,vn_10y,3.05
2020-01-14,us_10y,1.82
2020-01-14,bond_gap,1.23
2020-01-15,vn_10y,2.93
2020-01-15,us_10y,1.79
2020-01-15,bond_gap,1.14
2020-01-16,vn_10y,2.86
2020-01-16,us_10y,1.81
2020-01-16,bond_gap,1.05
2020-01-17,vn_10y,2.83
2020-01-17,us_10y,1.84
2020-01-17,bond_gap,0.99
2020-01-21,vn_10y,3.07
2020-01-21,us_10y,1.78
2020-01-21,bond_gap,1.29
2020-01-22,vn_10y,3.06
2020-01-22,us_10y,1.77
2020-01-22,bond_gap,1.29
2020-01-30,vn_10y,3.11
2020-01-30,us_10y,1.57
2020-01-30,bond_gap,1.54
2020-01-31,vn_10y,3.14
2020-01-31,us_10y,1.51
2020-01-31,bond_gap,1.63
2020-02-03,vn_10y,3.28
2020-02-03,us_10y,1.54
2020-02-03,bond_gap,1.74
2020-02-04,vn_10y,3.12
2020-02-04,us_10y,1.61
2020-02-04,bond_gap,1.51
2020-02-05,vn_10y,3.05
2020-02-05,us_10y,1.66
2020-02-05,bond_gap,1.39
2020-02-06,vn_10y,3.03
2020-02-06,us_10y,1.65
2020-02-06,bond_gap,1.38
2020-02-07,vn_10y,3.05
2020-02-07,us_10y,1.59
2020-02-07,bond_gap,1.46
2020-02-10,vn_10y,3.06
2020-02-10,us_10y,1.56
2020-02-10,bond_gap,1.5
2020-02-11,vn_10y,3.08
2020-02-11,us_10y,1.59
2020-02-11,bond_gap,1.49
2020-02-12,vn_10y,3.05
2020-02-12,us_10y,1.62
2020-02-12,bond_gap,1.43
2020-02-13,vn_10y,3.06
2020-02-13,us_10y,1.61
2020-02-13,bond_gap,1.45
2020-02-14,vn_10y,2.99
2020-02-14,us_10y,1.59
2020-02-14,bond_gap,1.4
2020-02-18,vn_10y,2.85
2020-02-18,us_10y,1.55
2020-02-18,bond_gap,1.3
2020-02-19,vn_10y,2.85
2020-02-19,us_10y,1.56
2020-02-19,bond_gap,1.29
2020-02-20,vn_10y,2.85
2020-02-20,us_10y,1.52
2020-02-20,bond_gap,1.33
2020-02-21,vn_10y,2.87
2020-02-21,us_10y,1.46
2020-02-21,bond_gap,1.41
2020-02-24,vn_10y,2.94
2020-02-24,us_10y,1.38
2020-02-24,bond_gap,1.56
2020-02-25,vn_10y,2.88
2020-02-25,us_10y,1.33
2020-02-25,bond_gap,1.55
2020-02-26,vn_10y,2.86
2020-02-26,us_10y,1.33
2020-02-26,bond_gap,1.53
2020-02-27,vn_10y,2.91
2020-02-27,us_10y,1.3
2020-02-27,bond_gap,1.61
2020-02-28,vn_10y,2.87
2020-02-28,us_10y,1.13
2020-02-28,bond_gap,1.74
2020-03-02,vn_10y,2.78
2020-03-02,us_10y,1.1
2020-03-02,bond_gap,1.68
2020-03-03,vn_10y,2.73
2020-03-03,us_10y,1.02
2020-03-03,bond_gap,1.71
2020-03-04,vn_10y,2.48
2020-03-04,us_10y,1.02
2020-03-04,bond_gap,1.46
2020-03-05,vn_10y,2.42
2020-03-05,us_10y,0.92
2020-03-05,bond_gap,1.5
2020-03-06,vn_10y,2.31
2020-03-06,us_10y,0.74
2020-03-06,bond_gap,1.57
2020-03-09,vn_10y,2.15
2020-03-09,us_10y,0.54
2020-03-09,bond_gap,1.61
2020-03-10,vn_10y,2.27
2020-03-10,us_10y,0.76
2020-03-10,bond_gap,1.51
2020-03-11,vn_10y,2.25
2020-03-11,us_10y,0.82
2020-03-11,bond_gap,1.43
2020-03-12,vn_10y,2.34
2020-03-12,us_10y,0.88
2020-03-12,bond_gap,1.46
2020-03-13,vn_10y,2.39
2020-03-13,us_10y,0.94
2020-03-13,bond_gap,1.45
2020-03-16,vn_10y,2.33
2020-03-16,us_10y,0.73
2020-03-16,bond_gap,1.6
2020-03-17,vn_10y,2.42
2020-03-17,us_10y,1.02
2020-03-17,bond_gap,1.4
2020-03-18,vn_10y,2.52
2020-03-18,us_10y,1.18
2020-03-18,bond_gap,1.34
2020-03-19,vn_10y,2.77
2020-03-19,us_10y,1.12
2020-03-19,bond_gap,1.65
2020-03-20,vn_10y,2.84
2020-03-20,us_10y,0.92
2020-03-20,bond_gap,1.92
2020-03-23,vn_10y,3.1
2020-03-23,us_10y,0.76
2020-03-23,bond_gap,2.34
2020-03-24,vn_10y,3.11
2020-03-24,us_10y,0.84
2020-03-24,bond_gap,2.27
2020-03-25,vn_10y,2.92
2020-03-25,us_10y,0.88
2020-03-25,bond_gap,2.04
2020-03-26,vn_10y,3.2
2020-03-26,us_10y,0.83
2020-03-26,bond_gap,2.37
2020-03-27,vn_10y,3.36
2020-03-27,us_10y,0.72
2020-03-27,bond_gap,2.64
2020-03-30,vn_10y,3.42
2020-03-30,us_10y,0.7
2020-03-30,bond_gap,2.72
2020-03-31,vn_10y,3.41
2020-03-31,us_10y,0.7
2020-03-31,bond_gap,2.71
2020-04-01,vn_10y,3.49
2020-04-01,us_10y,0.62
2020-04-01,bond_gap,2.87
2020-04-03,vn_10y,3.42
2020-04-03,us_10y,0.62
2020-04-03,bond_gap,2.8
2020-04-06,vn_10y,3.35
2020-04-06,us_10y,0.67
2020-04-06,bond_gap,2.68
2020-04-07,vn_10y,3.1
2020-04-07,us_10y,0.75
2020-04-07,bond_gap,2.35
2020-04-08,vn_10y,3.07
2020-04-08,us_10y,0.77
2020-04-08,bond_gap,2.3
2020-04-09,vn_10y,3.09
2020-04-09,us_10y,0.73
2020-04-09,bond_gap,2.36
2020-04-13,vn_10y,3.15
2020-04-13,us_10y,0.76
2020-04-13,bond_gap,2.39
2020-04-14,vn_10y,3.16
2020-04-14,us_10y,0.76
2020-04-14,bond_gap,2.4
2020-04-15,vn_10y,3.22
2020-04-15,us_10y,0.63
2020-04-15,bond_gap,2.59
2020-04-16,vn_10y,3.19
2020-04-16,us_10y,0.61
2020-04-16,bond_gap,2.58
2020-04-17,vn_10y,3.16
2020-04-17,us_10y,0.65
2020-04-17,bond_gap,2.51
2020-04-20,vn_10y,3.16
2020-04-20,us_10y,0.63
2020-04-20,bond_gap,2.53
2020-04-21,vn_10y,3.19
2020-04-21,us_10y,0.58
2020-04-21,bond_gap,2.61
2020-04-22,vn_10y,3.17
2020-04-22,us_10y,0.63
2020-04-22,bond_gap,2.54
2020-04-23,vn_10y,3.14
2020-04-23,us_10y,0.61
2020-04-23,bond_gap,2.53
2020-04-24,vn_10y,3.13
2020-04-24,us_10y,0.6
2020-04-24,bond_gap,2.53
2020-04-27,vn_10y,3.05
2020-04-27,us_10y,0.67
2020-04-27,bond_gap,2.38
2020-04-28,vn_10y,3.03
2020-04-28,us_10y,0.62
2020-04-28,bond_gap,2.41
2020-04-29,vn_10y,3.01
2020-04-29,us_10y,0.63
2020-04-29,bond_gap,2.38
2020-05-04,vn_10y,3.0
2020-05-04,us_10y,0.64
2020-05-04,bond_gap,2.36
2020-05-05,vn_10y,2.98
2020-05-05,us_10y,0.66
2020-05-05,bond_gap,2.32
2020-05-06,vn_10y,3.06
2020-05-06,us_10y,0.72
2020-05-06,bond_gap,2.34
2020-05-07,vn_10y,3.09
2020-05-07,us_10y,0.63
2020-05-07,bond_gap,2.46
2020-05-08,vn_10y,3.03
2020-05-08,us_10y,0.69
2020-05-08,bond_gap,2.34
2020-05-11,vn_10y,2.89
2020-05-11,us_10y,0.73
2020-05-11,bond_gap,2.16
2020-05-12,vn_10y,2.9
2020-05-12,us_10y,0.69
2020-05-12,bond_gap,2.21
2020-05-13,vn_10y,2.9
2020-05-13,us_10y,0.64
2020-05-13,bond_gap,2.26
2020-05-14,vn_10y,2.94
2020-05-14,us_10y,0.63
2020-05-14,bond_gap,2.31
2020-05-15,vn_10y,2.96
2020-05-15,us_10y,0.64
2020-05-15,bond_gap,2.32
2020-05-18,vn_10y,2.96
2020-05-18,us_10y,0.73
2020-05-18,bond_gap,2.23
2020-05-19,vn_10y,2.9
2020-05-19,us_10y,0.7
2020-05-19,bond_gap,2.2
2020-05-20,vn_10y,2.91
2020-05-20,us_10y,0.68
2020-05-20,bond_gap,2.23
2020-05-21,vn_10y,2.9
2020-05-21,us_10y,0.68
2020-05-21,bond_gap,2.22
2020-05-22,vn_10y,2.97
2020-05-22,us_10y,0.66
2020-05-22,bond_gap,2.31
2020-05-26,vn_10y,3.01
2020-05-26,us_10y,0.69
2020-05-26,bond_gap,2.32
2020-05-27,vn_10y,3.02
2020-05-27,us_10y,0.68
2020-05-27,bond_gap,2.34
2020-05-28,vn_10y,3.11
2020-05-28,us_10y,0.7
2020-05-28,bond_gap,2.41
2020-05-29,vn_10y,3.1
2020-05-29,us_10y,0.65
2020-05-29,bond_gap,2.45
2020-06-01,vn_10y,3.06
2020-06-01,us_10y,0.66
2020-06-01,bond_gap,2.4
2020-06-02,vn_10y,3.04
2020-06-02,us_10y,0.68
2020-06-02,bond_gap,2.36
2020-06-03,vn_10y,3.02
2020-06-03,us_10y,0.77
2020-06-03,bond_gap,2.25
2020-06-04,vn_10y,3.04
2020-06-04,us_10y,0.82
2020-06-04,bond_gap,2.22
2020-06-05,vn_10y,3.04
2020-06-05,us_10y,0.91
2020-06-05,bond_gap,2.13
2020-06-08,vn_10y,3.06
2020-06-08,us_10y,0.88
2020-06-08,bond_gap,2.18
2020-06-09,vn_10y,3.05
2020-06-09,us_10y,0.84
2020-06-09,bond_gap,2.21
2020-06-10,vn_10y,3.03
2020-06-10,us_10y,0.75
2020-06-10,bond_gap,2.28
2020-06-11,vn_10y,3.0
2020-06-11,us_10y,0.66
2020-06-11,bond_gap,2.34
2020-06-12,vn_10y,3.01
2020-06-12,us_10y,0.71
2020-06-12,bond_gap,2.3
2020-06-15,vn_10y,3.01
2020-06-15,us_10y,0.71
2020-06-15,bond_gap,2.3
2020-06-16,vn_10y,3.01
2020-06-16,us_10y,0.75
2020-06-16,bond_gap,2.26
2020-06-17,vn_10y,3.01
2020-06-17,us_10y,0.74
2020-06-17,bond_gap,2.27
2020-06-18,vn_10y,3.0
2020-06-18,us_10y,0.71
2020-06-18,bond_gap,2.29
2020-06-19,vn_10y,3.01
2020-06-19,us_10y,0.7
2020-06-19,bond_gap,2.31
2020-06-22,vn_10y,3.01
2020-06-22,us_10y,0.71
2020-06-22,bond_gap,2.3
2020-06-23,vn_10y,3.01
2020-06-23,us_10y,0.72
2020-06-23,bond_gap,2.29
2020-06-24,vn_10y,3.01
2020-06-24,us_10y,0.69
2020-06-24,bond_gap,2.32
2020-06-25,vn_10y,2.99
2020-06-25,us_10y,0.68
2020-06-25,bond_gap,2.31
2020-06-26,vn_10y,2.99
2020-06-26,us_10y,0.64
2020-06-26,bond_gap,2.35
2020-06-29,vn_10y,2.99
2020-06-29,us_10y,0.64
2020-06-29,bond_gap,2.35
2020-06-30,vn_10y,2.98
2020-06-30,us_10y,0.66
2020-06-30,bond_gap,2.32
2020-07-01,vn_10y,2.97
2020-07-01,us_10y,0.69
2020-07-01,bond_gap,2.28
2020-07-02,vn_10y,2.97
2020-07-02,us_10y,0.68
2020-07-02,bond_gap,2.29
2020-07-06,vn_10y,2.96
2020-07-06,us_10y,0.69
2020-07-06,bond_gap,2.27
2020-07-07,vn_10y,2.92
2020-07-07,us_10y,0.65
2020-07-07,bond_gap,2.27
2020-07-08,vn_10y,2.91
2020-07-08,us_10y,0.67
2020-07-08,bond_gap,2.24
2020-07-09,vn_10y,2.89
2020-07-09,us_10y,0.62
2020-07-09,bond_gap,2.27
2020-07-10,vn_10y,2.88
2020-07-10,us_10y,0.65
2020-07-10,bond_gap,2.23
2020-07-13,vn_10y,2.88
2020-07-13,us_10y,0.64
2020-07-13,bond_gap,2.24
2020-07-14,vn_10y,2.81
2020-07-14,us_10y,0.63
2020-07-14,bond_gap,2.18
2020-07-15,vn_10y,2.81
2020-07-15,us_10y,0.64
2020-07-15,bond_gap,2.17
2020-07-16,vn_10y,2.85
2020-07-16,us_10y,0.62
2020-07-16,bond_gap,2.23
2020-07-17,vn_10y,2.84
2020-07-17,us_10y,0.64
2020-07-17,bond_gap,2.2
2020-07-20,vn_10y,2.86
2020-07-20,us_10y,0.62
2020-07-20,bond_gap,2.24
2020-07-21,vn_10y,2.86
2020-07-21,us_10y,0.61
2020-07-21,bond_gap,2.25
2020-07-22,vn_10y,2.84
2020-07-22,us_10y,0.6
2020-07-22,bond_gap,2.24
2020-07-23,vn_10y,2.87
2020-07-23,us_10y,0.59
2020-07-23,bond_gap,2.28
2020-07-24,vn_10y,2.86
2020-07-24,us_10y,0.59
2020-07-24,bond_gap,2.27
2020-07-27,vn_10y,2.87
2020-07-27,us_10y,0.62
2020-07-27,bond_gap,2.25
2020-07-28,vn_10y,2.91
2020-07-28,us_10y,0.59
2020-07-28,bond_gap,2.32
2020-07-29,vn_10y,2.99
2020-07-29,us_10y,0.58
2020-07-29,bond_gap,2.41
2020-07-30,vn_10y,2.95
2020-07-30,us_10y,0.55
2020-07-30,bond_gap,2.4
2020-07-31,vn_10y,2.94
2020-07-31,us_10y,0.55
2020-07-31,bond_gap,2.39
2020-08-03,vn_10y,2.95
2020-08-03,us_10y,0.56
2020-08-03,bond_gap,2.39
2020-08-04,vn_10y,2.89
2020-08-04,us_10y,0.52
2020-08-04,bond_gap,2.37
2020-08-05,vn_10y,2.83
2020-08-05,us_10y,0.55
2020-08-05,bond_gap,2.28
2020-08-06,vn_10y,2.86
2020-08-06,us_10y,0.55
2020-08-06,bond_gap,2.31
2020-08-07,vn_10y,2.86
2020-08-07,us_10y,0.57
2020-08-07,bond_gap,2.29
2020-08-10,vn_10y,2.85
2020-08-10,us_10y,0.59
2020-08-10,bond_gap,2.26
2020-08-11,vn_10y,2.85
2020-08-11,us_10y,0.64
2020-08-11,bond_gap,2.21
2020-08-12,vn_10y,2.86
2020-08-12,us_10y,0.69
2020-08-12,bond_gap,2.17
2020-08-13,vn_10y,2.89
2020-08-13,us_10y,0.71
2020-08-13,bond_gap,2.18
2020-08-14,vn_10y,2.88
2020-08-14,us_10y,0.71
2020-08-14,bond_gap,2.17
2020-08-17,vn_10y,2.88
2020-08-17,us_10y,0.69
2020-08-17,bond_gap,2.19
2020-08-18,vn_10y,2.88
2020-08-18,us_10y,0.67
2020-08-18,bond_gap,2.21
2020-08-19,vn_10y,2.89
2020-08-19,us_10y,0.68
2020-08-19,bond_gap,2.21
2020-08-20,vn_10y,2.9
2020-08-20,us_10y,0.65
2020-08-20,bond_gap,2.25
2020-08-21,vn_10y,2.9
2020-08-21,us_10y,0.64
2020-08-21,bond_gap,2.26
2020-08-24,vn_10y,2.9
2020-08-24,us_10y,0.65
2020-08-24,bond_gap,2.25
2020-08-25,vn_10y,2.9
2020-08-25,us_10y,0.69
2020-08-25,bond_gap,2.21
2020-08-26,vn_10y,2.91
2020-08-26,us_10y,0.69
2020-08-26,bond_gap,2.22
2020-08-27,vn_10y,2.9
2020-08-27,us_10y,0.74
2020-08-27,bond_gap,2.16
2020-08-28,vn_10y,2.89
2020-08-28,us_10y,0.74
2020-08-28,bond_gap,2.15
2020-08-31,vn_10y,2.89
2020-08-31,us_10y,0.72
2020-08-31,bond_gap,2.17
2020-09-01,vn_10y,2.89
2020-09-01,us_10y,0.68
2020-09-01,bond_gap,2.21
2020-09-03,vn_10y,2.9
2020-09-03,us_10y,0.63
2020-09-03,bond_gap,2.27
2020-09-04,vn_10y,2.9
2020-09-04,us_10y,0.72
2020-09-04,bond_gap,2.18
2020-09-08,vn_10y,2.9
2020-09-08,us_10y,0.69
2020-09-08,bond_gap,2.21
2020-09-09,vn_10y,2.89
2020-09-09,us_10y,0.71
2020-09-09,bond_gap,2.18
2020-09-10,vn_10y,2.88
2020-09-10,us_10y,0.68
2020-09-10,bond_gap,2.2
2020-09-11,vn_10y,2.86
2020-09-11,us_10y,0.67
2020-09-11,bond_gap,2.19
2020-09-14,vn_10y,2.83
2020-09-14,us_10y,0.68
2020-09-14,bond_gap,2.15
2020-09-15,vn_10y,2.82
2020-09-15,us_10y,0.68
2020-09-15,bond_gap,2.14
2020-09-16,vn_10y,2.82
2020-09-16,us_10y,0.69
2020-09-16,bond_gap,2.13
2020-09-17,vn_10y,2.82
2020-09-17,us_10y,0.69
2020-09-17,bond_gap,2.13
2020-09-18,vn_10y,2.81
2020-09-18,us_10y,0.7
2020-09-18,bond_gap,2.11
2020-09-21,vn_10y,2.78
2020-09-21,us_10y,0.68
2020-09-21,bond_gap,2.1
2020-09-22,vn_10y,2.78
2020-09-22,us_10y,0.68
2020-09-22,bond_gap,2.1
2020-09-23,vn_10y,2.78
2020-09-23,us_10y,0.68
2020-09-23,bond_gap,2.1
2020-09-24,vn_10y,2.8
2020-09-24,us_10y,0.67
2020-09-24,bond_gap,2.13
2020-09-25,vn_10y,2.8
2020-09-25,us_10y,0.66
2020-09-25,bond_gap,2.14
2020-09-28,vn_10y,2.8
2020-09-28,us_10y,0.67
2020-09-28,bond_gap,2.13
2020-09-29,vn_10y,2.78
2020-09-29,us_10y,0.66
2020-09-29,bond_gap,2.12
2020-09-30,vn_10y,2.77
2020-09-30,us_10y,0.69
2020-09-30,bond_gap,2.08
2020-10-01,vn_10y,2.5
2020-10-01,us_10y,0.68
2020-10-01,bond_gap,1.82
2020-10-02,vn_10y,2.44
2020-10-02,us_10y,0.7
2020-10-02,bond_gap,1.74
2020-10-05,vn_10y,2.48
2020-10-05,us_10y,0.78
2020-10-05,bond_gap,1.7
2020-10-06,vn_10y,2.51
2020-10-06,us_10y,0.76
2020-10-06,bond_gap,1.75
2020-10-07,vn_10y,2.5
2020-10-07,us_10y,0.81
2020-10-07,bond_gap,1.69
2020-10-08,vn_10y,2.5
2020-10-08,us_10y,0.78
2020-10-08,bond_gap,1.72
2020-10-09,vn_10y,2.53
2020-10-09,us_10y,0.79
2020-10-09,bond_gap,1.74
2020-10-13,vn_10y,2.53
2020-10-13,us_10y,0.74
2020-10-13,bond_gap,1.79
2020-10-14,vn_10y,2.53
2020-10-14,us_10y,0.73
2020-10-14,bond_gap,1.8
2020-10-15,vn_10y,2.55
2020-10-15,us_10y,0.74
2020-10-15,bond_gap,1.81
2020-10-16,vn_10y,2.55
2020-10-16,us_10y,0.76
2020-10-16,bond_gap,1.79
2020-10-19,vn_10y,2.57
2020-10-19,us_10y,0.78
2020-10-19,bond_gap,1.79
2020-10-20,vn_10y,2.55
2020-10-20,us_10y,0.81
2020-10-20,bond_gap,1.74
2020-10-21,vn_10y,2.58
2020-10-21,us_10y,0.83
2020-10-21,bond_gap,1.75
2020-10-22,vn_10y,2.57
2020-10-22,us_10y,0.87
2020-10-22,bond_gap,1.7
2020-10-23,vn_10y,2.57
2020-10-23,us_10y,0.85
2020-10-23,bond_gap,1.72
2020-10-26,vn_10y,2.57
2020-10-26,us_10y,0.81
2020-10-26,bond_gap,1.76
2020-10-27,vn_10y,2.56
2020-10-27,us_10y,0.79
2020-10-27,bond_gap,1.77
2020-10-28,vn_10y,2.56
2020-10-28,us_10y,0.79
2020-10-28,bond_gap,1.77
2020-10-29,vn_10y,2.59
2020-10-29,us_10y,0.85
2020-10-29,bond_gap,1.74
2020-10-30,vn_10y,2.59
2020-10-30,us_10y,0.88
2020-10-30,bond_gap,1.71
2020-11-02,vn_10y,2.59
2020-11-02,us_10y,0.87
2020-11-02,bond_gap,1.72
2020-11-03,vn_10y,2.6
2020-11-03,us_10y,0.9
2020-11-03,bond_gap,1.7
2020-11-04,vn_10y,2.6
2020-11-04,us_10y,0.78
2020-11-04,bond_gap,1.82
2020-11-05,vn_10y,2.56
2020-11-05,us_10y,0.79
2020-11-05,bond_gap,1.77
2020-11-06,vn_10y,2.59
2020-11-06,us_10y,0.83
2020-11-06,bond_gap,1.76
2020-11-09,vn_10y,2.58
2020-11-09,us_10y,0.96
2020-11-09,bond_gap,1.62
2020-11-10,vn_10y,2.59
2020-11-10,us_10y,0.98
2020-11-10,bond_gap,1.61
2020-11-12,vn_10y,2.57
2020-11-12,us_10y,0.88
2020-11-12,bond_gap,1.69
2020-11-13,vn_10y,2.57
2020-11-13,us_10y,0.89
2020-11-13,bond_gap,1.68
2020-11-16,vn_10y,2.57
2020-11-16,us_10y,0.91
2020-11-16,bond_gap,1.66
2020-11-17,vn_10y,2.57
2020-11-17,us_10y,0.87
2020-11-17,bond_gap,1.7
2020-11-18,vn_10y,2.56
2020-11-18,us_10y,0.88
2020-11-18,bond_gap,1.68
2020-11-19,vn_10y,2.56
2020-11-19,us_10y,0.86
2020-11-19,bond_gap,1.7
2020-11-20,vn_10y,2.56
2020-11-20,us_10y,0.83
2020-11-20,bond_gap,1.73
2020-11-23,vn_10y,2.57
2020-11-23,us_10y,0.86
2020-11-23,bond_gap,1.71
2020-11-24,vn_10y,2.52
2020-11-24,us_10y,0.88
2020-11-24,bond_gap,1.64
2020-11-25,vn_10y,2.5
2020-11-25,us_10y,0.88
2020-11-25,bond_gap,1.62
2020-11-27,vn_10y,2.43
2020-11-27,us_10y,0.84
2020-11-27,bond_gap,1.59
2020-11-30,vn_10y,2.44
2020-11-30,us_10y,0.84
2020-11-30,bond_gap,1.6
2020-12-01,vn_10y,2.44
2020-12-01,us_10y,0.92
2020-12-01,bond_gap,1.52
2020-12-02,vn_10y,2.44
2020-12-02,us_10y,0.95
2020-12-02,bond_gap,1.49
2020-12-03,vn_10y,2.42
2020-12-03,us_10y,0.92
2020-12-03,bond_gap,1.5
2020-12-04,vn_10y,2.39
2020-12-04,us_10y,0.97
2020-12-04,bond_gap,1.42
2020-12-07,vn_10y,2.38
2020-12-07,us_10y,0.94
2020-12-07,bond_gap,1.44
2020-12-08,vn_10y,2.4
2020-12-08,us_10y,0.92
2020-12-08,bond_gap,1.48
2020-12-09,vn_10y,2.4
2020-12-09,us_10y,0.95
2020-12-09,bond_gap,1.45
2020-12-10,vn_10y,2.38
2020-12-10,us_10y,0.92
2020-12-10,bond_gap,1.46
2020-12-11,vn_10y,2.4
2020-12-11,us_10y,0.9
2020-12-11,bond_gap,1.5
2020-12-14,vn_10y,2.38
2020-12-14,us_10y,0.9
2020-12-14,bond_gap,1.48
2020-12-15,vn_10y,2.35
2020-12-15,us_10y,0.92
2020-12-15,bond_gap,1.43
2020-12-16,vn_10y,2.36
2020-12-16,us_10y,0.92
2020-12-16,bond_gap,1.44
2020-12-17,vn_10y,2.35
2020-12-17,us_10y,0.94
2020-12-17,bond_gap,1.41
2020-12-18,vn_10y,2.36
2020-12-18,us_10y,0.95
2020-12-18,bond_gap,1.41
2020-12-21,vn_10y,2.36
2020-12-21,us_10y,0.95
2020-12-21,bond_gap,1.41
2020-12-22,vn_10y,2.33
2020-12-22,us_10y,0.93
2020-12-22,bond_gap,1.4
2020-12-23,vn_10y,2.34
2020-12-23,us_10y,0.96
2020-12-23,bond_gap,1.38
2020-12-24,vn_10y,2.32
2020-12-24,us_10y,0.94
2020-12-24,bond_gap,1.38
2020-12-28,vn_10y,2.35
2020-12-28,us_10y,0.94
2020-12-28,bond_gap,1.41
2020-12-29,vn_10y,2.34
2020-12-29,us_10y,0.94
2020-12-29,bond_gap,1.4
2020-12-30,vn_10y,2.41
2020-12-30,us_10y,0.93
2020-12-30,bond_gap,1.48
2020-12-31,vn_10y,2.42
2020-12-31,us_10y,0.93
2020-12-31,bond_gap,1.49
2021-01-04,vn_10y,2.36
2021-01-04,us_10y,0.93
2021-01-04,bond_gap,1.43
2021-01-05,vn_10y,2.36
2021-01-05,us_10y,0.96
2021-01-05,bond_gap,1.4
2021-01-06,vn_10y,2.36
2021-01-06,us_10y,1.04
2021-01-06,bond_gap,1.32
2021-01-07,vn_10y,2.36
2021-01-07,us_10y,1.08
2021-01-07,bond_gap,1.28
2021-01-08,vn_10y,2.36
2021-01-08,us_10y,1.13
2021-01-08,bond_gap,1.23
2021-01-11,vn_10y,2.35
2021-01-11,us_10y,1.15
2021-01-11,bond_gap,1.2
2021-01-12,vn_10y,2.35
2021-01-12,us_10y,1.15
2021-01-12,bond_gap,1.2
2021-01-13,vn_10y,2.3
2021-01-13,us_10y,1.1
2021-01-13,bond_gap,1.2
2021-01-14,vn_10y,2.27
2021-01-14,us_10y,1.15
2021-01-14,bond_gap,1.12
2021-01-15,vn_10y,2.17
2021-01-15,us_10y,1.11
2021-01-15,bond_gap,1.06
2021-01-19,vn_10y,2.13
2021-01-19,us_10y,1.1
2021-01-19,bond_gap,1.03
2021-01-20,vn_10y,2.18
2021-01-20,us_10y,1.1
2021-01-20,bond_gap,1.08
2021-01-21,vn_10y,2.17
2021-01-21,us_10y,1.12
2021-01-21,bond_gap,1.05
2021-01-22,vn_10y,2.18
2021-01-22,us_10y,1.1
2021-01-22,bond_gap,1.08
2021-01-25,vn_10y,2.18
2021-01-25,us_10y,1.05
2021-01-25,bond_gap,1.13
2021-01-26,vn_10y,2.22
2021-01-26,us_10y,1.05
2021-01-26,bond_gap,1.17
2021-01-27,vn_10y,2.2
2021-01-27,us_10y,1.04
2021-01-27,bond_gap,1.16
2021-01-28,vn_10y,2.29
2021-01-28,us_10y,1.07
2021-01-28,bond_gap,1.22
2021-01-29,vn_10y,2.29
2021-01-29,us_10y,1.11
2021-01-29,bond_gap,1.18
2021-02-01,vn_10y,2.26
2021-02-01,us_10y,1.09
2021-02-01,bond_gap,1.17
2021-02-02,vn_10y,2.27
2021-02-02,us_10y,1.12
2021-02-02,bond_gap,1.15
2021-02-03,vn_10y,2.26
2021-02-03,us_10y,1.15
2021-02-03,bond_gap,1.11
2021-02-04,vn_10y,2.24
2021-02-04,us_10y,1.15
2021-02-04,bond_gap,1.09
2021-02-05,vn_10y,2.22
2021-02-05,us_10y,1.19
2021-02-05,bond_gap,1.03
2021-02-08,vn_10y,2.23
2021-02-08,us_10y,1.19
2021-02-08,bond_gap,1.04
2021-02-09,vn_10y,2.23
2021-02-09,us_10y,1.18
2021-02-09,bond_gap,1.05
2021-02-17,vn_10y,2.24
2021-02-17,us_10y,1.29
2021-02-17,bond_gap,0.95
2021-02-18,vn_10y,2.25
2021-02-18,us_10y,1.29
2021-02-18,bond_gap,0.96
2021-02-19,vn_10y,2.23
2021-02-19,us_10y,1.34
2021-02-19,bond_gap,0.89
2021-02-22,vn_10y,2.24
2021-02-22,us_10y,1.37
2021-02-22,bond_gap,0.87
2021-02-23,vn_10y,2.27
2021-02-23,us_10y,1.37
2021-02-23,bond_gap,0.9
2021-02-24,vn_10y,2.27
2021-02-24,us_10y,1.38
2021-02-24,bond_gap,0.89
2021-02-25,vn_10y,2.3
2021-02-25,us_10y,1.54
2021-02-25,bond_gap,0.76
2021-02-26,vn_10y,2.36
2021-02-26,us_10y,1.44
2021-02-26,bond_gap,0.92
2021-03-01,vn_10y,2.33
2021-03-01,us_10y,1.45
2021-03-01,bond_gap,0.88
2021-03-02,vn_10y,2.3
2021-03-02,us_10y,1.42
2021-03-02,bond_gap,0.88
2021-03-03,vn_10y,2.31
2021-03-03,us_10y,1.47
2021-03-03,bond_gap,0.84
2021-03-04,vn_10y,2.33
2021-03-04,us_10y,1.54
2021-03-04,bond_gap,0.79
2021-03-05,vn_10y,2.35
2021-03-05,us_10y,1.56
2021-03-05,bond_gap,0.79
2021-03-08,vn_10y,2.37
2021-03-08,us_10y,1.59
2021-03-08,bond_gap,0.78
2021-03-09,vn_10y,2.38
2021-03-09,us_10y,1.55
2021-03-09,bond_gap,0.83
2021-03-10,vn_10y,2.35
2021-03-10,us_10y,1.53
2021-03-10,bond_gap,0.82
2021-03-11,vn_10y,2.36
2021-03-11,us_10y,1.54
2021-03-11,bond_gap,0.82
2021-03-12,vn_10y,2.36
2021-03-12,us_10y,1.64
2021-03-12,bond_gap,0.72
2021-03-15,vn_10y,2.37
2021-03-15,us_10y,1.62
2021-03-15,bond_gap,0.75
2021-03-16,vn_10y,2.4
2021-03-16,us_10y,1.62
2021-03-16,bond_gap,0.78
2021-03-17,vn_10y,2.43
2021-03-17,us_10y,1.63
2021-03-17,bond_gap,0.8
2021-03-18,vn_10y,2.42
2021-03-18,us_10y,1.71
2021-03-18,bond_gap,0.71
2021-03-19,vn_10y,2.45
2021-03-19,us_10y,1.74
2021-03-19,bond_gap,0.71
2021-03-22,vn_10y,2.44
2021-03-22,us_10y,1.69
2021-03-22,bond_gap,0.75
2021-03-23,vn_10y,2.42
2021-03-23,us_10y,1.63
2021-03-23,bond_gap,0.79
2021-03-24,vn_10y,2.37
2021-03-24,us_10y,1.62
2021-03-24,bond_gap,0.75
2021-03-25,vn_10y,2.41
2021-03-25,us_10y,1.63
2021-03-25,bond_gap,0.78
2021-03-26,vn_10y,2.39
2021-03-26,us_10y,1.67
2021-03-26,bond_gap,0.72
2021-03-29,vn_10y,2.4
2021-03-29,us_10y,1.73
2021-03-29,bond_gap,0.67
2021-03-30,vn_10y,2.4
2021-03-30,us_10y,1.73
2021-03-30,bond_gap,0.67
2021-03-31,vn_10y,2.4
2021-03-31,us_10y,1.74
2021-03-31,bond_gap,0.66
2021-04-01,vn_10y,2.4
2021-04-01,us_10y,1.69
2021-04-01,bond_gap,0.71
2021-04-02,vn_10y,2.4
2021-04-02,us_10y,1.72
2021-04-02,bond_gap,0.68
2021-04-05,vn_10y,2.4
2021-04-05,us_10y,1.73
2021-04-05,bond_gap,0.67
2021-04-06,vn_10y,2.39
2021-04-06,us_10y,1.67
2021-04-06,bond_gap,0.72
2021-04-07,vn_10y,2.39
2021-04-07,us_10y,1.68
2021-04-07,bond_gap,0.71
2021-04-08,vn_10y,2.4
2021-04-08,us_10y,1.64
2021-04-08,bond_gap,0.76
2021-04-09,vn_10y,2.4
2021-04-09,us_10y,1.67
2021-04-09,bond_gap,0.73
2021-04-12,vn_10y,2.41
2021-04-12,us_10y,1.69
2021-04-12,bond_gap,0.72
2021-04-13,vn_10y,2.41
2021-04-13,us_10y,1.64
2021-04-13,bond_gap,0.77
2021-04-14,vn_10y,2.41
2021-04-14,us_10y,1.64
2021-04-14,bond_gap,0.77
2021-04-15,vn_10y,2.4
2021-04-15,us_10y,1.56
2021-04-15,bond_gap,0.84
2021-04-16,vn_10y,2.38
2021-04-16,us_10y,1.59
2021-04-16,bond_gap,0.79
2021-04-19,vn_10y,2.38
2021-04-19,us_10y,1.61
2021-04-19,bond_gap,0.77
2021-04-20,vn_10y,2.38
2021-04-20,us_10y,1.58
2021-04-20,bond_gap,0.8
2021-04-22,vn_10y,2.34
2021-04-22,us_10y,1.57
2021-04-22,bond_gap,0.77
2021-04-23,vn_10y,2.35
2021-04-23,us_10y,1.58
2021-04-23,bond_gap,0.77
2021-04-26,vn_10y,2.34
2021-04-26,us_10y,1.58
2021-04-26,bond_gap,0.76
2021-04-27,vn_10y,2.37
2021-04-27,us_10y,1.63
2021-04-27,bond_gap,0.74
2021-04-28,vn_10y,2.37
2021-04-28,us_10y,1.63
2021-04-28,bond_gap,0.74
2021-04-29,vn_10y,2.36
2021-04-29,us_10y,1.65
2021-04-29,bond_gap,0.71
2021-05-04,vn_10y,2.36
2021-05-04,us_10y,1.61
2021-05-04,bond_gap,0.75
2021-05-05,vn_10y,2.37
2021-05-05,us_10y,1.59
2021-05-05,bond_gap,0.78
2021-05-06,vn_10y,2.37
2021-05-06,us_10y,1.58
2021-05-06,bond_gap,0.79
2021-05-07,vn_10y,2.37
2021-05-07,us_10y,1.6
2021-05-07,bond_gap,0.77
2021-05-10,vn_10y,2.37
2021-05-10,us_10y,1.63
2021-05-10,bond_gap,0.74
2021-05-11,vn_10y,2.37
2021-05-11,us_10y,1.64
2021-05-11,bond_gap,0.73
2021-05-12,vn_10y,2.36
2021-05-12,us_10y,1.69
2021-05-12,bond_gap,0.67
2021-05-13,vn_10y,2.37
2021-05-13,us_10y,1.66
2021-05-13,bond_gap,0.71
2021-05-14,vn_10y,2.36
2021-05-14,us_10y,1.63
2021-05-14,bond_gap,0.73
2021-05-17,vn_10y,2.36
2021-05-17,us_10y,1.64
2021-05-17,bond_gap,0.72
2021-05-18,vn_10y,2.35
2021-05-18,us_10y,1.64
2021-05-18,bond_gap,0.71
2021-05-19,vn_10y,2.35
2021-05-19,us_10y,1.68
2021-05-19,bond_gap,0.67
2021-05-20,vn_10y,2.34
2021-05-20,us_10y,1.63
2021-05-20,bond_gap,0.71
2021-05-21,vn_10y,2.34
2021-05-21,us_10y,1.63
2021-05-21,bond_gap,0.71
2021-05-24,vn_10y,2.33
2021-05-24,us_10y,1.61
2021-05-24,bond_gap,0.72
2021-05-25,vn_10y,2.31
2021-05-25,us_10y,1.56
2021-05-25,bond_gap,0.75
2021-05-26,vn_10y,2.3
2021-05-26,us_10y,1.58
2021-05-26,bond_gap,0.72
2021-05-27,vn_10y,2.29
2021-05-27,us_10y,1.61
2021-05-27,bond_gap,0.68
2021-05-28,vn_10y,2.29
2021-05-28,us_10y,1.58
2021-05-28,bond_gap,0.71
2021-06-01,vn_10y,2.24
2021-06-01,us_10y,1.62
2021-06-01,bond_gap,0.62
2021-06-02,vn_10y,2.21
2021-06-02,us_10y,1.59
2021-06-02,bond_gap,0.62
2021-06-03,vn_10y,2.24
2021-06-03,us_10y,1.63
2021-06-03,bond_gap,0.61
2021-06-04,vn_10y,2.24
2021-06-04,us_10y,1.56
2021-06-04,bond_gap,0.68
2021-06-07,vn_10y,2.24
2021-06-07,us_10y,1.57
2021-06-07,bond_gap,0.67
2021-06-08,vn_10y,2.22
2021-06-08,us_10y,1.53
2021-06-08,bond_gap,0.69
2021-06-09,vn_10y,2.22
2021-06-09,us_10y,1.5
2021-06-09,bond_gap,0.72
2021-06-10,vn_10y,2.22
2021-06-10,us_10y,1.45
2021-06-10,bond_gap,0.77
2021-06-11,vn_10y,2.18
2021-06-11,us_10y,1.47
2021-06-11,bond_gap,0.71
2021-06-14,vn_10y,2.19
2021-06-14,us_10y,1.51
2021-06-14,bond_gap,0.68
2021-06-15,vn_10y,2.2
2021-06-15,us_10y,1.51
2021-06-15,bond_gap,0.69
2021-06-16,vn_10y,2.19
2021-06-16,us_10y,1.57
2021-06-16,bond_gap,0.62
2021-06-17,vn_10y,2.19
2021-06-17,us_10y,1.52
2021-06-17,bond_gap,0.67
2021-06-18,vn_10y,2.17
2021-06-18,us_10y,1.45
2021-06-18,bond_gap,0.72
2021-06-21,vn_10y,2.19
2021-06-21,us_10y,1.5
2021-06-21,bond_gap,0.69
2021-06-22,vn_10y,2.18
2021-06-22,us_10y,1.48
2021-06-22,bond_gap,0.7
2021-06-23,vn_10y,2.2
2021-06-23,us_10y,1.5
2021-06-23,bond_gap,0.7
2021-06-24,vn_10y,2.21
2021-06-24,us_10y,1.49
2021-06-24,bond_gap,0.72
2021-06-25,vn_10y,2.22
2021-06-25,us_10y,1.54
2021-06-25,bond_gap,0.68
2021-06-28,vn_10y,2.22
2021-06-28,us_10y,1.49
2021-06-28,bond_gap,0.73
2021-06-29,vn_10y,2.21
2021-06-29,us_10y,1.49
2021-06-29,bond_gap,0.72
2021-06-30,vn_10y,2.21
2021-06-30,us_10y,1.45
2021-06-30,bond_gap,0.76
2021-07-01,vn_10y,2.2
2021-07-01,us_10y,1.48
2021-07-01,bond_gap,0.72
2021-07-02,vn_10y,2.18
2021-07-02,us_10y,1.44
2021-07-02,bond_gap,0.74
2021-07-06,vn_10y,2.18
2021-07-06,us_10y,1.37
2021-07-06,bond_gap,0.81
2021-07-07,vn_10y,2.17
2021-07-07,us_10y,1.33
2021-07-07,bond_gap,0.84
2021-07-08,vn_10y,2.16
2021-07-08,us_10y,1.3
2021-07-08,bond_gap,0.86
2021-07-09,vn_10y,2.17
2021-07-09,us_10y,1.37
2021-07-09,bond_gap,0.8
2021-07-12,vn_10y,2.18
2021-07-12,us_10y,1.38
2021-07-12,bond_gap,0.8
2021-07-13,vn_10y,2.17
2021-07-13,us_10y,1.42
2021-07-13,bond_gap,0.75
2021-07-14,vn_10y,2.15
2021-07-14,us_10y,1.37
2021-07-14,bond_gap,0.78
2021-07-15,vn_10y,2.14
2021-07-15,us_10y,1.31
2021-07-15,bond_gap,0.83
2021-07-16,vn_10y,2.16
2021-07-16,us_10y,1.31
2021-07-16,bond_gap,0.85
2021-07-19,vn_10y,2.16
2021-07-19,us_10y,1.19
2021-07-19,bond_gap,0.97
2021-07-20,vn_10y,2.16
2021-07-20,us_10y,1.23
2021-07-20,bond_gap,0.93
2021-07-21,vn_10y,2.16
2021-07-21,us_10y,1.3
2021-07-21,bond_gap,0.86
2021-07-22,vn_10y,2.16
2021-07-22,us_10y,1.27
2021-07-22,bond_gap,0.89
2021-07-23,vn_10y,2.16
2021-07-23,us_10y,1.3
2021-07-23,bond_gap,0.86
2021-07-26,vn_10y,2.16
2021-07-26,us_10y,1.29
2021-07-26,bond_gap,0.87
2021-07-27,vn_10y,2.16
2021-07-27,us_10y,1.25
2021-07-27,bond_gap,0.91
2021-07-28,vn_10y,2.16
2021-07-28,us_10y,1.26
2021-07-28,bond_gap,0.9
2021-07-29,vn_10y,2.18
2021-07-29,us_10y,1.28
2021-07-29,bond_gap,0.9
2021-07-30,vn_10y,2.19
2021-07-30,us_10y,1.24
2021-07-30,bond_gap,0.95
2021-08-02,vn_10y,2.18
2021-08-02,us_10y,1.2
2021-08-02,bond_gap,0.98
2021-08-03,vn_10y,2.05
2021-08-03,us_10y,1.19
2021-08-03,bond_gap,0.86
2021-08-04,vn_10y,2.13
2021-08-04,us_10y,1.19
2021-08-04,bond_gap,0.94
2021-08-05,vn_10y,2.12
2021-08-05,us_10y,1.23
2021-08-05,bond_gap,0.89
2021-08-06,vn_10y,2.09
2021-08-06,us_10y,1.31
2021-08-06,bond_gap,0.78
2021-08-09,vn_10y,2.12
2021-08-09,us_10y,1.33
2021-08-09,bond_gap,0.79
2021-08-10,vn_10y,2.11
2021-08-10,us_10y,1.36
2021-08-10,bond_gap,0.75
2021-08-11,vn_10y,2.12
2021-08-11,us_10y,1.35
2021-08-11,bond_gap,0.77
2021-08-12,vn_10y,2.08
2021-08-12,us_10y,1.36
2021-08-12,bond_gap,0.72
2021-08-13,vn_10y,2.09
2021-08-13,us_10y,1.29
2021-08-13,bond_gap,0.8
2021-08-16,vn_10y,2.08
2021-08-16,us_10y,1.26
2021-08-16,bond_gap,0.82
2021-08-17,vn_10y,2.08
2021-08-17,us_10y,1.26
2021-08-17,bond_gap,0.82
2021-08-18,vn_10y,2.08
2021-08-18,us_10y,1.27
2021-08-18,bond_gap,0.81
2021-08-19,vn_10y,2.09
2021-08-19,us_10y,1.24
2021-08-19,bond_gap,0.85
2021-08-20,vn_10y,2.08
2021-08-20,us_10y,1.26
2021-08-20,bond_gap,0.82
2021-08-23,vn_10y,2.08
2021-08-23,us_10y,1.25
2021-08-23,bond_gap,0.83
2021-08-24,vn_10y,2.08
2021-08-24,us_10y,1.29
2021-08-24,bond_gap,0.79
2021-08-25,vn_10y,2.08
2021-08-25,us_10y,1.35
2021-08-25,bond_gap,0.73
2021-08-26,vn_10y,2.07
2021-08-26,us_10y,1.34
2021-08-26,bond_gap,0.73
2021-08-27,vn_10y,2.08
2021-08-27,us_10y,1.31
2021-08-27,bond_gap,0.77
2021-08-30,vn_10y,2.06
2021-08-30,us_10y,1.29
2021-08-30,bond_gap,0.77
2021-08-31,vn_10y,2.06
2021-08-31,us_10y,1.3
2021-08-31,bond_gap,0.76
2021-09-01,vn_10y,2.07
2021-09-01,us_10y,1.31
2021-09-01,bond_gap,0.76
2021-09-07,vn_10y,2.07
2021-09-07,us_10y,1.38
2021-09-07,bond_gap,0.69
2021-09-08,vn_10y,2.06
2021-09-08,us_10y,1.35
2021-09-08,bond_gap,0.71
2021-09-09,vn_10y,2.06
2021-09-09,us_10y,1.3
2021-09-09,bond_gap,0.76
2021-09-10,vn_10y,2.07
2021-09-10,us_10y,1.35
2021-09-10,bond_gap,0.72
2021-09-13,vn_10y,2.06
2021-09-13,us_10y,1.33
2021-09-13,bond_gap,0.73
2021-09-14,vn_10y,2.07
2021-09-14,us_10y,1.28
2021-09-14,bond_gap,0.79
2021-09-15,vn_10y,2.06
2021-09-15,us_10y,1.31
2021-09-15,bond_gap,0.75
2021-09-16,vn_10y,2.08
2021-09-16,us_10y,1.34
2021-09-16,bond_gap,0.74
2021-09-17,vn_10y,2.09
2021-09-17,us_10y,1.37
2021-09-17,bond_gap,0.72
2021-09-20,vn_10y,2.09
2021-09-20,us_10y,1.31
2021-09-20,bond_gap,0.78
2021-09-21,vn_10y,2.1
2021-09-21,us_10y,1.33
2021-09-21,bond_gap,0.77
2021-09-22,vn_10y,2.1
2021-09-22,us_10y,1.32
2021-09-22,bond_gap,0.78
2021-09-23,vn_10y,2.12
2021-09-23,us_10y,1.41
2021-09-23,bond_gap,0.71
2021-09-24,vn_10y,2.12
2021-09-24,us_10y,1.47
2021-09-24,bond_gap,0.65
2021-09-27,vn_10y,2.13
2021-09-27,us_10y,1.48
2021-09-27,bond_gap,0.65
2021-09-28,vn_10y,2.12
2021-09-28,us_10y,1.54
2021-09-28,bond_gap,0.58
2021-09-29,vn_10y,2.14
2021-09-29,us_10y,1.55
2021-09-29,bond_gap,0.59
2021-09-30,vn_10y,2.14
2021-09-30,us_10y,1.52
2021-09-30,bond_gap,0.62
2021-10-01,vn_10y,2.13
2021-10-01,us_10y,1.48
2021-10-01,bond_gap,0.65
2021-10-04,vn_10y,2.13
2021-10-04,us_10y,1.49
2021-10-04,bond_gap,0.64
2021-10-05,vn_10y,2.13
2021-10-05,us_10y,1.54
2021-10-05,bond_gap,0.59
2021-10-06,vn_10y,2.13
2021-10-06,us_10y,1.53
2021-10-06,bond_gap,0.6
2021-10-07,vn_10y,2.13
2021-10-07,us_10y,1.58
2021-10-07,bond_gap,0.55
2021-10-08,vn_10y,2.15
2021-10-08,us_10y,1.61
2021-10-08,bond_gap,0.54
2021-10-12,vn_10y,2.15
2021-10-12,us_10y,1.59
2021-10-12,bond_gap,0.56
2021-10-13,vn_10y,2.15
2021-10-13,us_10y,1.56
2021-10-13,bond_gap,0.59
2021-10-14,vn_10y,2.15
2021-10-14,us_10y,1.52
2021-10-14,bond_gap,0.63
2021-10-15,vn_10y,2.14
2021-10-15,us_10y,1.59
2021-10-15,bond_gap,0.55
2021-10-18,vn_10y,2.16
2021-10-18,us_10y,1.59
2021-10-18,bond_gap,0.57
2021-10-19,vn_10y,2.15
2021-10-19,us_10y,1.65
2021-10-19,bond_gap,0.5
2021-10-20,vn_10y,2.16
2021-10-20,us_10y,1.65
2021-10-20,bond_gap,0.51
2021-10-21,vn_10y,2.15
2021-10-21,us_10y,1.68
2021-10-21,bond_gap,0.47
2021-10-22,vn_10y,2.15
2021-10-22,us_10y,1.66
2021-10-22,bond_gap,0.49
2021-10-25,vn_10y,2.15
2021-10-25,us_10y,1.64
2021-10-25,bond_gap,0.51
2021-10-26,vn_10y,2.15
2021-10-26,us_10y,1.63
2021-10-26,bond_gap,0.52
2021-10-27,vn_10y,2.15
2021-10-27,us_10y,1.54
2021-10-27,bond_gap,0.61
2021-10-28,vn_10y,2.15
2021-10-28,us_10y,1.57
2021-10-28,bond_gap,0.58
2021-10-29,vn_10y,2.15
2021-10-29,us_10y,1.55
2021-10-29,bond_gap,0.6
2021-11-01,vn_10y,2.15
2021-11-01,us_10y,1.58
2021-11-01,bond_gap,0.57
2021-11-02,vn_10y,2.15
2021-11-02,us_10y,1.56
2021-11-02,bond_gap,0.59
2021-11-03,vn_10y,2.15
2021-11-03,us_10y,1.6
2021-11-03,bond_gap,0.55
2021-11-04,vn_10y,2.13
2021-11-04,us_10y,1.53
2021-11-04,bond_gap,0.6
2021-11-05,vn_10y,2.12
2021-11-05,us_10y,1.45
2021-11-05,bond_gap,0.67
2021-11-08,vn_10y,2.11
2021-11-08,us_10y,1.51
2021-11-08,bond_gap,0.6
2021-11-09,vn_10y,2.09
2021-11-09,us_10y,1.46
2021-11-09,bond_gap,0.63
2021-11-10,vn_10y,2.1
2021-11-10,us_10y,1.56
2021-11-10,bond_gap,0.54
2021-11-12,vn_10y,2.09
2021-11-12,us_10y,1.58
2021-11-12,bond_gap,0.51
2021-11-15,vn_10y,2.07
2021-11-15,us_10y,1.63
2021-11-15,bond_gap,0.44
2021-11-16,vn_10y,2.06
2021-11-16,us_10y,1.63
2021-11-16,bond_gap,0.43
2021-11-17,vn_10y,2.06
2021-11-17,us_10y,1.6
2021-11-17,bond_gap,0.46
2021-11-18,vn_10y,2.07
2021-11-18,us_10y,1.59
2021-11-18,bond_gap,0.48
2021-11-19,vn_10y,2.07
2021-11-19,us_10y,1.54
2021-11-19,bond_gap,0.53
2021-11-22,vn_10y,2.08
2021-11-22,us_10y,1.63
2021-11-22,bond_gap,0.45
2021-11-23,vn_10y,2.08
2021-11-23,us_10y,1.67
2021-11-23,bond_gap,0.41
2021-11-24,vn_10y,2.09
2021-11-24,us_10y,1.64
2021-11-24,bond_gap,0.45
2021-11-26,vn_10y,2.09
2021-11-26,us_10y,1.48
2021-11-26,bond_gap,0.61
2021-11-29,vn_10y,2.09
2021-11-29,us_10y,1.52
2021-11-29,bond_gap,0.57
2021-11-30,vn_10y,2.09
2021-11-30,us_10y,1.43
2021-11-30,bond_gap,0.66
2021-12-01,vn_10y,2.09
2021-12-01,us_10y,1.43
2021-12-01,bond_gap,0.66
2021-12-02,vn_10y,2.09
2021-12-02,us_10y,1.44
2021-12-02,bond_gap,0.65
2021-12-03,vn_10y,2.09
2021-12-03,us_10y,1.35
2021-12-03,bond_gap,0.74
2021-12-06,vn_10y,2.09
2021-12-06,us_10y,1.43
2021-12-06,bond_gap,0.66
2021-12-07,vn_10y,2.09
2021-12-07,us_10y,1.48
2021-12-07,bond_gap,0.61
2021-12-08,vn_10y,2.09
2021-12-08,us_10y,1.52
2021-12-08,bond_gap,0.57
2021-12-09,vn_10y,2.08
2021-12-09,us_10y,1.49
2021-12-09,bond_gap,0.59
2021-12-10,vn_10y,2.08
2021-12-10,us_10y,1.48
2021-12-10,bond_gap,0.6
2021-12-13,vn_10y,2.08
2021-12-13,us_10y,1.42
2021-12-13,bond_gap,0.66
2021-12-14,vn_10y,2.08
2021-12-14,us_10y,1.44
2021-12-14,bond_gap,0.64
2021-12-15,vn_10y,2.07
2021-12-15,us_10y,1.47
2021-12-15,bond_gap,0.6
2021-12-16,vn_10y,2.09
2021-12-16,us_10y,1.44
2021-12-16,bond_gap,0.65
2021-12-17,vn_10y,2.1
2021-12-17,us_10y,1.41
2021-12-17,bond_gap,0.69
2021-12-20,vn_10y,2.09
2021-12-20,us_10y,1.43
2021-12-20,bond_gap,0.66
2021-12-21,vn_10y,2.1
2021-12-21,us_10y,1.48
2021-12-21,bond_gap,0.62
2021-12-22,vn_10y,2.11
2021-12-22,us_10y,1.46
2021-12-22,bond_gap,0.65
2021-12-23,vn_10y,2.1
2021-12-23,us_10y,1.5
2021-12-23,bond_gap,0.6
2021-12-27,vn_10y,2.1
2021-12-27,us_10y,1.48
2021-12-27,bond_gap,0.62
2021-12-28,vn_10y,2.12
2021-12-28,us_10y,1.49
2021-12-28,bond_gap,0.63
2021-12-29,vn_10y,2.12
2021-12-29,us_10y,1.55
2021-12-29,bond_gap,0.57
2021-12-30,vn_10y,2.11
2021-12-30,us_10y,1.52
2021-12-30,bond_gap,0.59
2021-12-31,vn_10y,2.1
2021-12-31,us_10y,1.52
2021-12-31,bond_gap,0.58
2022-01-04,vn_10y,2.09
2022-01-04,us_10y,1.66
2022-01-04,bond_gap,0.43
2022-01-05,vn_10y,2.09
2022-01-05,us_10y,1.71
2022-01-05,bond_gap,0.38
2022-01-06,vn_10y,2.09
2022-01-06,us_10y,1.73
2022-01-06,bond_gap,0.36
2022-01-07,vn_10y,2.1
2022-01-07,us_10y,1.76
2022-01-07,bond_gap,0.34
2022-01-10,vn_10y,2.09
2022-01-10,us_10y,1.78
2022-01-10,bond_gap,0.31
2022-01-11,vn_10y,2.1
2022-01-11,us_10y,1.75
2022-01-11,bond_gap,0.35
2022-01-12,vn_10y,2.1
2022-01-12,us_10y,1.74
2022-01-12,bond_gap,0.36
2022-01-13,vn_10y,2.1
2022-01-13,us_10y,1.7
2022-01-13,bond_gap,0.4
2022-01-14,vn_10y,2.09
2022-01-14,us_10y,1.78
2022-01-14,bond_gap,0.31
2022-01-18,vn_10y,2.07
2022-01-18,us_10y,1.87
2022-01-18,bond_gap,0.2
2022-01-19,vn_10y,2.08
2022-01-19,us_10y,1.83
2022-01-19,bond_gap,0.25
2022-01-20,vn_10y,2.08
2022-01-20,us_10y,1.83
2022-01-20,bond_gap,0.25
2022-01-21,vn_10y,2.08
2022-01-21,us_10y,1.75
2022-01-21,bond_gap,0.33
2022-01-24,vn_10y,2.08
2022-01-24,us_10y,1.75
2022-01-24,bond_gap,0.33
2022-01-25,vn_10y,2.09
2022-01-25,us_10y,1.78
2022-01-25,bond_gap,0.31
2022-01-26,vn_10y,2.08
2022-01-26,us_10y,1.85
2022-01-26,bond_gap,0.23
2022-01-27,vn_10y,2.09
2022-01-27,us_10y,1.81
2022-01-27,bond_gap,0.28
2022-01-28,vn_10y,2.09
2022-01-28,us_10y,1.78
2022-01-28,bond_gap,0.31
2022-02-07,vn_10y,2.09
2022-02-07,us_10y,1.92
2022-02-07,bond_gap,0.17
2022-02-08,vn_10y,2.1
2022-02-08,us_10y,1.96
2022-02-08,bond_gap,0.14
2022-02-09,vn_10y,2.14
2022-02-09,us_10y,1.94
2022-02-09,bond_gap,0.2
2022-02-10,vn_10y,2.13
2022-02-10,us_10y,2.03
2022-02-10,bond_gap,0.1
2022-02-11,vn_10y,2.15
2022-02-11,us_10y,1.92
2022-02-11,bond_gap,0.23
2022-02-14,vn_10y,2.14
2022-02-14,us_10y,1.98
2022-02-14,bond_gap,0.16
2022-02-15,vn_10y,2.17
2022-02-15,us_10y,2.05
2022-02-15,bond_gap,0.12
2022-02-16,vn_10y,2.16
2022-02-16,us_10y,2.03
2022-02-16,bond_gap,0.13
2022-02-17,vn_10y,2.23
2022-02-17,us_10y,1.97
2022-02-17,bond_gap,0.26
2022-02-18,vn_10y,2.2
2022-02-18,us_10y,1.92
2022-02-18,bond_gap,0.28
2022-02-22,vn_10y,2.24
2022-02-22,us_10y,1.94
2022-02-22,bond_gap,0.3
2022-02-23,vn_10y,2.23
2022-02-23,us_10y,1.99
2022-02-23,bond_gap,0.24
2022-02-24,vn_10y,2.22
2022-02-24,us_10y,1.96
2022-02-24,bond_gap,0.26
2022-02-25,vn_10y,2.22
2022-02-25,us_10y,1.97
2022-02-25,bond_gap,0.25
2022-02-28,vn_10y,2.24
2022-02-28,us_10y,1.83
2022-02-28,bond_gap,0.41
2022-03-01,vn_10y,2.26
2022-03-01,us_10y,1.72
2022-03-01,bond_gap,0.54
2022-03-02,vn_10y,2.26
2022-03-02,us_10y,1.86
2022-03-02,bond_gap,0.4
2022-03-03,vn_10y,2.31
2022-03-03,us_10y,1.86
2022-03-03,bond_gap,0.45
2022-03-04,vn_10y,2.29
2022-03-04,us_10y,1.74
2022-03-04,bond_gap,0.55
2022-03-07,vn_10y,2.29
2022-03-07,us_10y,1.78
2022-03-07,bond_gap,0.51
2022-03-08,vn_10y,2.29
2022-03-08,us_10y,1.86
2022-03-08,bond_gap,0.43
2022-03-09,vn_10y,2.29
2022-03-09,us_10y,1.94
2022-03-09,bond_gap,0.35
2022-03-10,vn_10y,2.26
2022-03-10,us_10y,1.98
2022-03-10,bond_gap,0.28
2022-03-11,vn_10y,2.27
2022-03-11,us_10y,2.0
2022-03-11,bond_gap,0.27
2022-03-14,vn_10y,2.27
2022-03-14,us_10y,2.14
2022-03-14,bond_gap,0.13
2022-03-15,vn_10y,2.3
2022-03-15,us_10y,2.15
2022-03-15,bond_gap,0.15
2022-03-16,vn_10y,2.32
2022-03-16,us_10y,2.19
2022-03-16,bond_gap,0.13
2022-03-17,vn_10y,2.32
2022-03-17,us_10y,2.2
2022-03-17,bond_gap,0.12
2022-03-18,vn_10y,2.33
2022-03-18,us_10y,2.14
2022-03-18,bond_gap,0.19
2022-03-21,vn_10y,2.39
2022-03-21,us_10y,2.32
2022-03-21,bond_gap,0.07
2022-03-22,vn_10y,2.43
2022-03-22,us_10y,2.38
2022-03-22,bond_gap,0.05
2022-03-23,vn_10y,2.42
2022-03-23,us_10y,2.32
2022-03-23,bond_gap,0.1
2022-03-24,vn_10y,2.42
2022-03-24,us_10y,2.34
2022-03-24,bond_gap,0.08
2022-03-25,vn_10y,2.4
2022-03-25,us_10y,2.48
2022-03-25,bond_gap,-0.08
2022-03-28,vn_10y,2.42
2022-03-28,us_10y,2.46
2022-03-28,bond_gap,-0.04
2022-03-29,vn_10y,2.42
2022-03-29,us_10y,2.41
2022-03-29,bond_gap,0.01
2022-03-30,vn_10y,2.41
2022-03-30,us_10y,2.35
2022-03-30,bond_gap,0.06
2022-03-31,vn_10y,2.4
2022-03-31,us_10y,2.32
2022-03-31,bond_gap,0.08
2022-04-01,vn_10y,2.4
2022-04-01,us_10y,2.39
2022-04-01,bond_gap,0.01
2022-04-04,vn_10y,2.4
2022-04-04,us_10y,2.42
2022-04-04,bond_gap,-0.02
2022-04-05,vn_10y,2.44
2022-04-05,us_10y,2.54
2022-04-05,bond_gap,-0.1
2022-04-06,vn_10y,2.71
2022-04-06,us_10y,2.61
2022-04-06,bond_gap,0.1
2022-04-07,vn_10y,2.67
2022-04-07,us_10y,2.66
2022-04-07,bond_gap,0.01
2022-04-08,vn_10y,2.75
2022-04-08,us_10y,2.72
2022-04-08,bond_gap,0.03
2022-04-12,vn_10y,3.0
2022-04-12,us_10y,2.72
2022-04-12,bond_gap,0.28
2022-04-13,vn_10y,2.99
2022-04-13,us_10y,2.7
2022-04-13,bond_gap,0.29
2022-04-14,vn_10y,2.97
2022-04-14,us_10y,2.83
2022-04-14,bond_gap,0.14
2022-04-18,vn_10y,3.02
2022-04-18,us_10y,2.85
2022-04-18,bond_gap,0.17
2022-04-19,vn_10y,3.02
2022-04-19,us_10y,2.93
2022-04-19,bond_gap,0.09
2022-04-20,vn_10y,3.05
2022-04-20,us_10y,2.85
2022-04-20,bond_gap,0.2
2022-04-21,vn_10y,3.06
2022-04-21,us_10y,2.9
2022-04-21,bond_gap,0.16
2022-04-22,vn_10y,3.07
2022-04-22,us_10y,2.9
2022-04-22,bond_gap,0.17
2022-04-25,vn_10y,3.04
2022-04-25,us_10y,2.81
2022-04-25,bond_gap,0.23
2022-04-26,vn_10y,3.0
2022-04-26,us_10y,2.77
2022-04-26,bond_gap,0.23
2022-04-27,vn_10y,3.01
2022-04-27,us_10y,2.82
2022-04-27,bond_gap,0.19
2022-04-28,vn_10y,3.01
2022-04-28,us_10y,2.85
2022-04-28,bond_gap,0.16
2022-04-29,vn_10y,2.99
2022-04-29,us_10y,2.89
2022-04-29,bond_gap,0.1
2022-05-04,vn_10y,3.0
2022-05-04,us_10y,2.93
2022-05-04,bond_gap,0.07
2022-05-05,vn_10y,3.02
2022-05-05,us_10y,3.05
2022-05-05,bond_gap,-0.03
2022-05-06,vn_10y,3.08
2022-05-06,us_10y,3.12
2022-05-06,bond_gap,-0.04
2022-05-09,vn_10y,3.11
2022-05-09,us_10y,3.05
2022-05-09,bond_gap,0.06
2022-05-10,vn_10y,3.1
2022-05-10,us_10y,2.99
2022-05-10,bond_gap,0.11
2022-05-11,vn_10y,3.16
2022-05-11,us_10y,2.91
2022-05-11,bond_gap,0.25
2022-05-12,vn_10y,3.25
2022-05-12,us_10y,2.84
2022-05-12,bond_gap,0.41
2022-05-13,vn_10y,3.27
2022-05-13,us_10y,2.93
2022-05-13,bond_gap,0.34
2022-05-16,vn_10y,3.21
2022-05-16,us_10y,2.88
2022-05-16,bond_gap,0.33
2022-05-17,vn_10y,3.22
2022-05-17,us_10y,2.98
2022-05-17,bond_gap,0.24
2022-05-18,vn_10y,3.2
2022-05-18,us_10y,2.89
2022-05-18,bond_gap,0.31
2022-05-19,vn_10y,3.18
2022-05-19,us_10y,2.84
2022-05-19,bond_gap,0.34
2022-05-20,vn_10y,3.14
2022-05-20,us_10y,2.78
2022-05-20,bond_gap,0.36
2022-05-23,vn_10y,3.14
2022-05-23,us_10y,2.86
2022-05-23,bond_gap,0.28
2022-05-24,vn_10y,3.12
2022-05-24,us_10y,2.76
2022-05-24,bond_gap,0.36
2022-05-25,vn_10y,3.12
2022-05-25,us_10y,2.75
2022-05-25,bond_gap,0.37
2022-05-26,vn_10y,3.13
2022-05-26,us_10y,2.75
2022-05-26,bond_gap,0.38
2022-05-27,vn_10y,3.13
2022-05-27,us_10y,2.74
2022-05-27,bond_gap,0.39
2022-05-31,vn_10y,3.13
2022-05-31,us_10y,2.85
2022-05-31,bond_gap,0.28
2022-06-01,vn_10y,3.14
2022-06-01,us_10y,2.94
2022-06-01,bond_gap,0.2
2022-06-02,vn_10y,3.14
2022-06-02,us_10y,2.92
2022-06-02,bond_gap,0.22
2022-06-03,vn_10y,3.15
2022-06-03,us_10y,2.96
2022-06-03,bond_gap,0.19
2022-06-06,vn_10y,3.14
2022-06-06,us_10y,3.04
2022-06-06,bond_gap,0.1
2022-06-07,vn_10y,3.15
2022-06-07,us_10y,2.98
2022-06-07,bond_gap,0.17
2022-06-08,vn_10y,3.15
2022-06-08,us_10y,3.03
2022-06-08,bond_gap,0.12
2022-06-09,vn_10y,3.16
2022-06-09,us_10y,3.04
2022-06-09,bond_gap,0.12
2022-06-10,vn_10y,3.15
2022-06-10,us_10y,3.15
2022-06-10,bond_gap,0.0
2022-06-13,vn_10y,3.18
2022-06-13,us_10y,3.43
2022-06-13,bond_gap,-0.25
2022-06-14,vn_10y,3.25
2022-06-14,us_10y,3.49
2022-06-14,bond_gap,-0.24
2022-06-15,vn_10y,3.31
2022-06-15,us_10y,3.33
2022-06-15,bond_gap,-0.02
2022-06-16,vn_10y,3.31
2022-06-16,us_10y,3.28
2022-06-16,bond_gap,0.03
2022-06-17,vn_10y,3.3
2022-06-17,us_10y,3.25
2022-06-17,bond_gap,0.05
2022-06-21,vn_10y,3.29
2022-06-21,us_10y,3.31
2022-06-21,bond_gap,-0.02
2022-06-22,vn_10y,3.29
2022-06-22,us_10y,3.16
2022-06-22,bond_gap,0.13
2022-06-23,vn_10y,3.29
2022-06-23,us_10y,3.09
2022-06-23,bond_gap,0.2
2022-06-24,vn_10y,3.29
2022-06-24,us_10y,3.13
2022-06-24,bond_gap,0.16
2022-06-27,vn_10y,3.27
2022-06-27,us_10y,3.2
2022-06-27,bond_gap,0.07
2022-06-28,vn_10y,3.26
2022-06-28,us_10y,3.2
2022-06-28,bond_gap,0.06
2022-06-29,vn_10y,3.24
2022-06-29,us_10y,3.1
2022-06-29,bond_gap,0.14
2022-06-30,vn_10y,3.24
2022-06-30,us_10y,2.98
2022-06-30,bond_gap,0.26
2022-07-01,vn_10y,3.24
2022-07-01,us_10y,2.88
2022-07-01,bond_gap,0.36
2022-07-05,vn_10y,3.25
2022-07-05,us_10y,2.82
2022-07-05,bond_gap,0.43
2022-07-06,vn_10y,3.24
2022-07-06,us_10y,2.93
2022-07-06,bond_gap,0.31
2022-07-07,vn_10y,3.25
2022-07-07,us_10y,3.01
2022-07-07,bond_gap,0.24
2022-07-08,vn_10y,3.26
2022-07-08,us_10y,3.09
2022-07-08,bond_gap,0.17
2022-07-11,vn_10y,3.25
2022-07-11,us_10y,2.99
2022-07-11,bond_gap,0.26
2022-07-12,vn_10y,3.24
2022-07-12,us_10y,2.96
2022-07-12,bond_gap,0.28
2022-07-13,vn_10y,3.24
2022-07-13,us_10y,2.91
2022-07-13,bond_gap,0.33
2022-07-14,vn_10y,3.27
2022-07-14,us_10y,2.96
2022-07-14,bond_gap,0.31
2022-07-15,vn_10y,3.27
2022-07-15,us_10y,2.93
2022-07-15,bond_gap,0.34
2022-07-18,vn_10y,3.29
2022-07-18,us_10y,2.96
2022-07-18,bond_gap,0.33
2022-07-19,vn_10y,3.29
2022-07-19,us_10y,3.01
2022-07-19,bond_gap,0.28
2022-07-20,vn_10y,3.29
2022-07-20,us_10y,3.04
2022-07-20,bond_gap,0.25
2022-07-21,vn_10y,3.29
2022-07-21,us_10y,2.91
2022-07-21,bond_gap,0.38
2022-07-22,vn_10y,3.3
2022-07-22,us_10y,2.77
2022-07-22,bond_gap,0.53
2022-07-25,vn_10y,3.3
2022-07-25,us_10y,2.81
2022-07-25,bond_gap,0.49
2022-07-26,vn_10y,3.35
2022-07-26,us_10y,2.81
2022-07-26,bond_gap,0.54
2022-07-27,vn_10y,3.71
2022-07-27,us_10y,2.78
2022-07-27,bond_gap,0.93
2022-07-28,vn_10y,3.57
2022-07-28,us_10y,2.68
2022-07-28,bond_gap,0.89
2022-07-29,vn_10y,3.5
2022-07-29,us_10y,2.67
2022-07-29,bond_gap,0.83
2022-08-01,vn_10y,3.55
2022-08-01,us_10y,2.6
2022-08-01,bond_gap,0.95
2022-08-02,vn_10y,3.48
2022-08-02,us_10y,2.75
2022-08-02,bond_gap,0.73
2022-08-03,vn_10y,3.5
2022-08-03,us_10y,2.73
2022-08-03,bond_gap,0.77
2022-08-04,vn_10y,3.57
2022-08-04,us_10y,2.68
2022-08-04,bond_gap,0.89
2022-08-05,vn_10y,3.59
2022-08-05,us_10y,2.83
2022-08-05,bond_gap,0.76
2022-08-08,vn_10y,3.58
2022-08-08,us_10y,2.77
2022-08-08,bond_gap,0.81
2022-08-09,vn_10y,3.58
2022-08-09,us_10y,2.8
2022-08-09,bond_gap,0.78
2022-08-10,vn_10y,3.59
2022-08-10,us_10y,2.78
2022-08-10,bond_gap,0.81
2022-08-11,vn_10y,3.47
2022-08-11,us_10y,2.87
2022-08-11,bond_gap,0.6
2022-08-12,vn_10y,3.5
2022-08-12,us_10y,2.84
2022-08-12,bond_gap,0.66
2022-08-15,vn_10y,3.49
2022-08-15,us_10y,2.79
2022-08-15,bond_gap,0.7
2022-08-16,vn_10y,3.47
2022-08-16,us_10y,2.82
2022-08-16,bond_gap,0.65
2022-08-17,vn_10y,3.51
2022-08-17,us_10y,2.89
2022-08-17,bond_gap,0.62
2022-08-18,vn_10y,3.48
2022-08-18,us_10y,2.88
2022-08-18,bond_gap,0.6
2022-08-19,vn_10y,3.49
2022-08-19,us_10y,2.98
2022-08-19,bond_gap,0.51
2022-08-22,vn_10y,3.49
2022-08-22,us_10y,3.03
2022-08-22,bond_gap,0.46
2022-08-23,vn_10y,3.52
2022-08-23,us_10y,3.05
2022-08-23,bond_gap,0.47
2022-08-24,vn_10y,3.53
2022-08-24,us_10y,3.11
2022-08-24,bond_gap,0.42
2022-08-25,vn_10y,3.53
2022-08-25,us_10y,3.03
2022-08-25,bond_gap,0.5
2022-08-26,vn_10y,3.53
2022-08-26,us_10y,3.04
2022-08-26,bond_gap,0.49
2022-08-29,vn_10y,3.55
2022-08-29,us_10y,3.12
2022-08-29,bond_gap,0.43
2022-08-30,vn_10y,3.56
2022-08-30,us_10y,3.11
2022-08-30,bond_gap,0.45
2022-08-31,vn_10y,3.55
2022-08-31,us_10y,3.15
2022-08-31,bond_gap,0.4
2022-09-06,vn_10y,3.63
2022-09-06,us_10y,3.33
2022-09-06,bond_gap,0.3
2022-09-07,vn_10y,3.67
2022-09-07,us_10y,3.27
2022-09-07,bond_gap,0.4
2022-09-08,vn_10y,3.68
2022-09-08,us_10y,3.29
2022-09-08,bond_gap,0.39
2022-09-09,vn_10y,3.67
2022-09-09,us_10y,3.33
2022-09-09,bond_gap,0.34
2022-09-12,vn_10y,3.66
2022-09-12,us_10y,3.37
2022-09-12,bond_gap,0.29
2022-09-13,vn_10y,3.66
2022-09-13,us_10y,3.42
2022-09-13,bond_gap,0.24
2022-09-14,vn_10y,3.71
2022-09-14,us_10y,3.41
2022-09-14,bond_gap,0.3
2022-09-15,vn_10y,3.71
2022-09-15,us_10y,3.45
2022-09-15,bond_gap,0.26
2022-09-16,vn_10y,3.76
2022-09-16,us_10y,3.45
2022-09-16,bond_gap,0.31
2022-09-19,vn_10y,3.75
2022-09-19,us_10y,3.49
2022-09-19,bond_gap,0.26
2022-09-20,vn_10y,3.8
2022-09-20,us_10y,3.57
2022-09-20,bond_gap,0.23
2022-09-21,vn_10y,4.15
2022-09-21,us_10y,3.51
2022-09-21,bond_gap,0.64
2022-09-22,vn_10y,4.28
2022-09-22,us_10y,3.7
2022-09-22,bond_gap,0.58
2022-09-23,vn_10y,4.39
2022-09-23,us_10y,3.69
2022-09-23,bond_gap,0.7
2022-09-26,vn_10y,4.41
2022-09-26,us_10y,3.88
2022-09-26,bond_gap,0.53
2022-09-27,vn_10y,4.62
2022-09-27,us_10y,3.97
2022-09-27,bond_gap,0.65
2022-09-28,vn_10y,4.78
2022-09-28,us_10y,3.72
2022-09-28,bond_gap,1.06
2022-09-29,vn_10y,4.73
2022-09-29,us_10y,3.76
2022-09-29,bond_gap,0.97
2022-09-30,vn_10y,4.76
2022-09-30,us_10y,3.83
2022-09-30,bond_gap,0.93
2022-10-03,vn_10y,4.78
2022-10-03,us_10y,3.67
2022-10-03,bond_gap,1.11
2022-10-04,vn_10y,4.86
2022-10-04,us_10y,3.62
2022-10-04,bond_gap,1.24
2022-10-05,vn_10y,4.88
2022-10-05,us_10y,3.76
2022-10-05,bond_gap,1.12
2022-10-06,vn_10y,4.87
2022-10-06,us_10y,3.83
2022-10-06,bond_gap,1.04
2022-10-07,vn_10y,4.89
2022-10-07,us_10y,3.89
2022-10-07,bond_gap,1.0
2022-10-11,vn_10y,4.91
2022-10-11,us_10y,3.93
2022-10-11,bond_gap,0.98
2022-10-12,vn_10y,4.93
2022-10-12,us_10y,3.91
2022-10-12,bond_gap,1.02
2022-10-13,vn_10y,4.92
2022-10-13,us_10y,3.97
2022-10-13,bond_gap,0.95
2022-10-14,vn_10y,4.93
2022-10-14,us_10y,4.0
2022-10-14,bond_gap,0.93
2022-10-17,vn_10y,4.89
2022-10-17,us_10y,4.02
2022-10-17,bond_gap,0.87
2022-10-18,vn_10y,4.84
2022-10-18,us_10y,4.01
2022-10-18,bond_gap,0.83
2022-10-19,vn_10y,4.81
2022-10-19,us_10y,4.14
2022-10-19,bond_gap,0.67
2022-10-20,vn_10y,4.81
2022-10-20,us_10y,4.24
2022-10-20,bond_gap,0.57
2022-10-21,vn_10y,4.83
2022-10-21,us_10y,4.21
2022-10-21,bond_gap,0.62
2022-10-24,vn_10y,4.85
2022-10-24,us_10y,4.25
2022-10-24,bond_gap,0.6
2022-10-25,vn_10y,4.91
2022-10-25,us_10y,4.1
2022-10-25,bond_gap,0.81
2022-10-26,vn_10y,4.92
2022-10-26,us_10y,4.04
2022-10-26,bond_gap,0.88
2022-10-27,vn_10y,4.96
2022-10-27,us_10y,3.96
2022-10-27,bond_gap,1.0
2022-10-28,vn_10y,4.94
2022-10-28,us_10y,4.02
2022-10-28,bond_gap,0.92
2022-10-31,vn_10y,4.95
2022-10-31,us_10y,4.1
2022-10-31,bond_gap,0.85
2022-11-01,vn_10y,4.95
2022-11-01,us_10y,4.07
2022-11-01,bond_gap,0.88
2022-11-02,vn_10y,4.94
2022-11-02,us_10y,4.1
2022-11-02,bond_gap,0.84
2022-11-03,vn_10y,4.96
2022-11-03,us_10y,4.14
2022-11-03,bond_gap,0.82
2022-11-04,vn_10y,4.93
2022-11-04,us_10y,4.17
2022-11-04,bond_gap,0.76
2022-11-07,vn_10y,4.95
2022-11-07,us_10y,4.22
2022-11-07,bond_gap,0.73
2022-11-08,vn_10y,4.9
2022-11-08,us_10y,4.14
2022-11-08,bond_gap,0.76
2022-11-09,vn_10y,4.91
2022-11-09,us_10y,4.12
2022-11-09,bond_gap,0.79
2022-11-10,vn_10y,4.9
2022-11-10,us_10y,3.82
2022-11-10,bond_gap,1.08
2022-11-14,vn_10y,4.9
2022-11-14,us_10y,3.88
2022-11-14,bond_gap,1.02
2022-11-15,vn_10y,4.9
2022-11-15,us_10y,3.8
2022-11-15,bond_gap,1.1
2022-11-16,vn_10y,4.9
2022-11-16,us_10y,3.67
2022-11-16,bond_gap,1.23
2022-11-17,vn_10y,4.89
2022-11-17,us_10y,3.77
2022-11-17,bond_gap,1.12
2022-11-18,vn_10y,4.89
2022-11-18,us_10y,3.82
2022-11-18,bond_gap,1.07
2022-11-21,vn_10y,4.89
2022-11-21,us_10y,3.83
2022-11-21,bond_gap,1.06
2022-11-22,vn_10y,4.89
2022-11-22,us_10y,3.76
2022-11-22,bond_gap,1.13
2022-11-23,vn_10y,4.89
2022-11-23,us_10y,3.71
2022-11-23,bond_gap,1.18
2022-11-25,vn_10y,4.91
2022-11-25,us_10y,3.68
2022-11-25,bond_gap,1.23
2022-11-28,vn_10y,4.91
2022-11-28,us_10y,3.69
2022-11-28,bond_gap,1.22
2022-11-29,vn_10y,4.9
2022-11-29,us_10y,3.75
2022-11-29,bond_gap,1.15
2022-11-30,vn_10y,4.92
2022-11-30,us_10y,3.68
2022-11-30,bond_gap,1.24
2022-12-01,vn_10y,4.92
2022-12-01,us_10y,3.53
2022-12-01,bond_gap,1.39
2022-12-02,vn_10y,4.92
2022-12-02,us_10y,3.51
2022-12-02,bond_gap,1.41
2022-12-05,vn_10y,4.91
2022-12-05,us_10y,3.6
2022-12-05,bond_gap,1.31
2022-12-06,vn_10y,4.92
2022-12-06,us_10y,3.51
2022-12-06,bond_gap,1.41
2022-12-07,vn_10y,4.92
2022-12-07,us_10y,3.42
2022-12-07,bond_gap,1.5
2022-12-08,vn_10y,4.91
2022-12-08,us_10y,3.48
2022-12-08,bond_gap,1.43
2022-12-09,vn_10y,4.91
2022-12-09,us_10y,3.57
2022-12-09,bond_gap,1.34
2022-12-12,vn_10y,4.91
2022-12-12,us_10y,3.61
2022-12-12,bond_gap,1.3
2022-12-13,vn_10y,4.9
2022-12-13,us_10y,3.51
2022-12-13,bond_gap,1.39
2022-12-14,vn_10y,4.91
2022-12-14,us_10y,3.49
2022-12-14,bond_gap,1.42
2022-12-15,vn_10y,4.89
2022-12-15,us_10y,3.44
2022-12-15,bond_gap,1.45
2022-12-16,vn_10y,4.9
2022-12-16,us_10y,3.48
2022-12-16,bond_gap,1.42
2022-12-19,vn_10y,4.89
2022-12-19,us_10y,3.57
2022-12-19,bond_gap,1.32
2022-12-20,vn_10y,4.88
2022-12-20,us_10y,3.69
2022-12-20,bond_gap,1.19
2022-12-21,vn_10y,4.88
2022-12-21,us_10y,3.68
2022-12-21,bond_gap,1.2
2022-12-22,vn_10y,4.85
2022-12-22,us_10y,3.67
2022-12-22,bond_gap,1.18
2022-12-23,vn_10y,4.85
2022-12-23,us_10y,3.75
2022-12-23,bond_gap,1.1
2022-12-27,vn_10y,4.84
2022-12-27,us_10y,3.84
2022-12-27,bond_gap,1.0
2022-12-28,vn_10y,4.83
2022-12-28,us_10y,3.88
2022-12-28,bond_gap,0.95
2022-12-29,vn_10y,4.8
2022-12-29,us_10y,3.83
2022-12-29,bond_gap,0.97
2022-12-30,vn_10y,4.8
2022-12-30,us_10y,3.88
2022-12-30,bond_gap,0.92
2023-01-03,vn_10y,4.78
2023-01-03,us_10y,3.79
2023-01-03,bond_gap,0.99
2023-01-04,vn_10y,4.79
2023-01-04,us_10y,3.69
2023-01-04,bond_gap,1.1
2023-01-05,vn_10y,4.75
2023-01-05,us_10y,3.71
2023-01-05,bond_gap,1.04
2023-01-06,vn_10y,4.73
2023-01-06,us_10y,3.55
2023-01-06,bond_gap,1.18
2023-01-09,vn_10y,4.7
2023-01-09,us_10y,3.53
2023-01-09,bond_gap,1.17
2023-01-10,vn_10y,4.67
2023-01-10,us_10y,3.61
2023-01-10,bond_gap,1.06
2023-01-11,vn_10y,4.67
2023-01-11,us_10y,3.54
2023-01-11,bond_gap,1.13
2023-01-12,vn_10y,4.6
2023-01-12,us_10y,3.43
2023-01-12,bond_gap,1.17
2023-01-13,vn_10y,4.58
2023-01-13,us_10y,3.49
2023-01-13,bond_gap,1.09
2023-01-17,vn_10y,4.58
2023-01-17,us_10y,3.53
2023-01-17,bond_gap,1.05
2023-01-18,vn_10y,4.56
2023-01-18,us_10y,3.37
2023-01-18,bond_gap,1.19
2023-01-19,vn_10y,4.55
2023-01-19,us_10y,3.39
2023-01-19,bond_gap,1.16
2023-01-27,vn_10y,4.53
2023-01-27,us_10y,3.52
2023-01-27,bond_gap,1.01
2023-01-30,vn_10y,4.48
2023-01-30,us_10y,3.55
2023-01-30,bond_gap,0.93
2023-01-31,vn_10y,4.42
2023-01-31,us_10y,3.52
2023-01-31,bond_gap,0.9
2023-02-01,vn_10y,4.29
2023-02-01,us_10y,3.39
2023-02-01,bond_gap,0.9
2023-02-02,vn_10y,4.17
2023-02-02,us_10y,3.4
2023-02-02,bond_gap,0.77
2023-02-03,vn_10y,4.14
2023-02-03,us_10y,3.53
2023-02-03,bond_gap,0.61
2023-02-06,vn_10y,4.14
2023-02-06,us_10y,3.63
2023-02-06,bond_gap,0.51
2023-02-07,vn_10y,4.14
2023-02-07,us_10y,3.67
2023-02-07,bond_gap,0.47
2023-02-08,vn_10y,4.14
2023-02-08,us_10y,3.63
2023-02-08,bond_gap,0.51
2023-02-09,vn_10y,4.1
2023-02-09,us_10y,3.67
2023-02-09,bond_gap,0.43
2023-02-10,vn_10y,4.11
2023-02-10,us_10y,3.74
2023-02-10,bond_gap,0.37
2023-02-13,vn_10y,4.11
2023-02-13,us_10y,3.72
2023-02-13,bond_gap,0.39
2023-02-14,vn_10y,4.07
2023-02-14,us_10y,3.77
2023-02-14,bond_gap,0.3
2023-02-15,vn_10y,4.08
2023-02-15,us_10y,3.81
2023-02-15,bond_gap,0.27
2023-02-16,vn_10y,4.18
2023-02-16,us_10y,3.86
2023-02-16,bond_gap,0.32
2023-02-17,vn_10y,4.18
2023-02-17,us_10y,3.82
2023-02-17,bond_gap,0.36
2023-02-21,vn_10y,4.27
2023-02-21,us_10y,3.95
2023-02-21,bond_gap,0.32
2023-02-22,vn_10y,4.36
2023-02-22,us_10y,3.93
2023-02-22,bond_gap,0.43
2023-02-23,vn_10y,4.41
2023-02-23,us_10y,3.88
2023-02-23,bond_gap,0.53
2023-02-24,vn_10y,4.41
2023-02-24,us_10y,3.95
2023-02-24,bond_gap,0.46
2023-02-27,vn_10y,4.4
2023-02-27,us_10y,3.92
2023-02-27,bond_gap,0.48
2023-02-28,vn_10y,4.39
2023-02-28,us_10y,3.92
2023-02-28,bond_gap,0.47
2023-03-01,vn_10y,4.39
2023-03-01,us_10y,4.01
2023-03-01,bond_gap,0.38
2023-03-02,vn_10y,4.41
2023-03-02,us_10y,4.08
2023-03-02,bond_gap,0.33
2023-03-03,vn_10y,4.43
2023-03-03,us_10y,3.97
2023-03-03,bond_gap,0.46
2023-03-06,vn_10y,4.42
2023-03-06,us_10y,3.98
2023-03-06,bond_gap,0.44
2023-03-07,vn_10y,4.38
2023-03-07,us_10y,3.97
2023-03-07,bond_gap,0.41
2023-03-08,vn_10y,4.39
2023-03-08,us_10y,3.98
2023-03-08,bond_gap,0.41
2023-03-09,vn_10y,4.35
2023-03-09,us_10y,3.93
2023-03-09,bond_gap,0.42
2023-03-10,vn_10y,4.32
2023-03-10,us_10y,3.7
2023-03-10,bond_gap,0.62
2023-03-13,vn_10y,4.16
2023-03-13,us_10y,3.55
2023-03-13,bond_gap,0.61
2023-03-14,vn_10y,4.09
2023-03-14,us_10y,3.64
2023-03-14,bond_gap,0.45
2023-03-15,vn_10y,4.08
2023-03-15,us_10y,3.51
2023-03-15,bond_gap,0.57
2023-03-16,vn_10y,3.88
2023-03-16,us_10y,3.56
2023-03-16,bond_gap,0.32
2023-03-17,vn_10y,3.91
2023-03-17,us_10y,3.39
2023-03-17,bond_gap,0.52
2023-03-20,vn_10y,3.82
2023-03-20,us_10y,3.47
2023-03-20,bond_gap,0.35
2023-03-21,vn_10y,3.78
2023-03-21,us_10y,3.59
2023-03-21,bond_gap,0.19
2023-03-22,vn_10y,3.73
2023-03-22,us_10y,3.48
2023-03-22,bond_gap,0.25
2023-03-23,vn_10y,3.69
2023-03-23,us_10y,3.38
2023-03-23,bond_gap,0.31
2023-03-24,vn_10y,3.48
2023-03-24,us_10y,3.38
2023-03-24,bond_gap,0.1
2023-03-27,vn_10y,3.56
2023-03-27,us_10y,3.53
2023-03-27,bond_gap,0.03
2023-03-28,vn_10y,3.56
2023-03-28,us_10y,3.55
2023-03-28,bond_gap,0.01
2023-03-29,vn_10y,3.54
2023-03-29,us_10y,3.57
2023-03-29,bond_gap,-0.03
2023-03-30,vn_10y,3.53
2023-03-30,us_10y,3.55
2023-03-30,bond_gap,-0.02
2023-03-31,vn_10y,3.24
2023-03-31,us_10y,3.48
2023-03-31,bond_gap,-0.24
2023-04-03,vn_10y,3.38
2023-04-03,us_10y,3.43
2023-04-03,bond_gap,-0.05
2023-04-04,vn_10y,3.34
2023-04-04,us_10y,3.35
2023-04-04,bond_gap,-0.01
2023-04-05,vn_10y,3.34
2023-04-05,us_10y,3.3
2023-04-05,bond_gap,0.04
2023-04-06,vn_10y,3.38
2023-04-06,us_10y,3.3
2023-04-06,bond_gap,0.08
2023-04-07,vn_10y,3.37
2023-04-07,us_10y,3.39
2023-04-07,bond_gap,-0.02
2023-04-10,vn_10y,3.27
2023-04-10,us_10y,3.41
2023-04-10,bond_gap,-0.14
2023-04-11,vn_10y,3.28
2023-04-11,us_10y,3.43
2023-04-11,bond_gap,-0.15
2023-04-12,vn_10y,3.28
2023-04-12,us_10y,3.41
2023-04-12,bond_gap,-0.13
2023-04-13,vn_10y,3.3
2023-04-13,us_10y,3.45
2023-04-13,bond_gap,-0.15
2023-04-14,vn_10y,3.29
2023-04-14,us_10y,3.52
2023-04-14,bond_gap,-0.23
2023-04-17,vn_10y,3.24
2023-04-17,us_10y,3.6
2023-04-17,bond_gap,-0.36
2023-04-18,vn_10y,3.29
2023-04-18,us_10y,3.58
2023-04-18,bond_gap,-0.29
2023-04-19,vn_10y,3.29
2023-04-19,us_10y,3.6
2023-04-19,bond_gap,-0.31
2023-04-20,vn_10y,3.3
2023-04-20,us_10y,3.54
2023-04-20,bond_gap,-0.24
2023-04-21,vn_10y,3.28
2023-04-21,us_10y,3.57
2023-04-21,bond_gap,-0.29
2023-04-24,vn_10y,3.31
2023-04-24,us_10y,3.52
2023-04-24,bond_gap,-0.21
2023-04-25,vn_10y,3.27
2023-04-25,us_10y,3.4
2023-04-25,bond_gap,-0.13
2023-04-26,vn_10y,3.25
2023-04-26,us_10y,3.43
2023-04-26,bond_gap,-0.18
2023-04-27,vn_10y,3.22
2023-04-27,us_10y,3.53
2023-04-27,bond_gap,-0.31
2023-04-28,vn_10y,3.21
2023-04-28,us_10y,3.44
2023-04-28,bond_gap,-0.23
2023-05-04,vn_10y,3.17
2023-05-04,us_10y,3.37
2023-05-04,bond_gap,-0.2
2023-05-05,vn_10y,3.14
2023-05-05,us_10y,3.44
2023-05-05,bond_gap,-0.3
2023-05-08,vn_10y,3.08
2023-05-08,us_10y,3.52
2023-05-08,bond_gap,-0.44
2023-05-09,vn_10y,3.04
2023-05-09,us_10y,3.53
2023-05-09,bond_gap,-0.49
2023-05-10,vn_10y,3.04
2023-05-10,us_10y,3.43
2023-05-10,bond_gap,-0.39
2023-05-11,vn_10y,3.04
2023-05-11,us_10y,3.39
2023-05-11,bond_gap,-0.35
2023-05-12,vn_10y,3.03
2023-05-12,us_10y,3.46
2023-05-12,bond_gap,-0.43
2023-05-15,vn_10y,3.04
2023-05-15,us_10y,3.5
2023-05-15,bond_gap,-0.46
2023-05-16,vn_10y,3.02
2023-05-16,us_10y,3.54
2023-05-16,bond_gap,-0.52
2023-05-17,vn_10y,3.01
2023-05-17,us_10y,3.57
2023-05-17,bond_gap,-0.56
2023-05-18,vn_10y,3.01
2023-05-18,us_10y,3.65
2023-05-18,bond_gap,-0.64
2023-05-19,vn_10y,3.01
2023-05-19,us_10y,3.7
2023-05-19,bond_gap,-0.69
2023-05-22,vn_10y,3.02
2023-05-22,us_10y,3.72
2023-05-22,bond_gap,-0.7
2023-05-23,vn_10y,3.02
2023-05-23,us_10y,3.7
2023-05-23,bond_gap,-0.68
2023-05-24,vn_10y,3.04
2023-05-24,us_10y,3.73
2023-05-24,bond_gap,-0.69
2023-05-25,vn_10y,3.08
2023-05-25,us_10y,3.83
2023-05-25,bond_gap,-0.75
2023-05-26,vn_10y,3.17
2023-05-26,us_10y,3.8
2023-05-26,bond_gap,-0.63
2023-05-30,vn_10y,3.16
2023-05-30,us_10y,3.69
2023-05-30,bond_gap,-0.53
2023-05-31,vn_10y,3.14
2023-05-31,us_10y,3.64
2023-05-31,bond_gap,-0.5
2023-06-01,vn_10y,3.12
2023-06-01,us_10y,3.61
2023-06-01,bond_gap,-0.49
2023-06-02,vn_10y,3.05
2023-06-02,us_10y,3.69
2023-06-02,bond_gap,-0.64
2023-06-05,vn_10y,3.07
2023-06-05,us_10y,3.69
2023-06-05,bond_gap,-0.62
2023-06-06,vn_10y,3.07
2023-06-06,us_10y,3.7
2023-06-06,bond_gap,-0.63
2023-06-07,vn_10y,3.06
2023-06-07,us_10y,3.79
2023-06-07,bond_gap,-0.73
2023-06-08,vn_10y,3.08
2023-06-08,us_10y,3.73
2023-06-08,bond_gap,-0.65
2023-06-09,vn_10y,3.04
2023-06-09,us_10y,3.75
2023-06-09,bond_gap,-0.71
2023-06-12,vn_10y,3.03
2023-06-12,us_10y,3.73
2023-06-12,bond_gap,-0.7
2023-06-13,vn_10y,2.99
2023-06-13,us_10y,3.84
2023-06-13,bond_gap,-0.85
2023-06-14,vn_10y,2.92
2023-06-14,us_10y,3.83
2023-06-14,bond_gap,-0.91
2023-06-15,vn_10y,2.9
2023-06-15,us_10y,3.72
2023-06-15,bond_gap,-0.82
2023-06-16,vn_10y,2.75
2023-06-16,us_10y,3.77
2023-06-16,bond_gap,-1.02
2023-06-20,vn_10y,2.69
2023-06-20,us_10y,3.74
2023-06-20,bond_gap,-1.05
2023-06-21,vn_10y,2.68
2023-06-21,us_10y,3.72
2023-06-21,bond_gap,-1.04
2023-06-22,vn_10y,2.53
2023-06-22,us_10y,3.8
2023-06-22,bond_gap,-1.27
2023-06-23,vn_10y,2.54
2023-06-23,us_10y,3.74
2023-06-23,bond_gap,-1.2
2023-06-26,vn_10y,2.52
2023-06-26,us_10y,3.72
2023-06-26,bond_gap,-1.2
2023-06-27,vn_10y,2.55
2023-06-27,us_10y,3.77
2023-06-27,bond_gap,-1.22
2023-06-28,vn_10y,2.52
2023-06-28,us_10y,3.71
2023-06-28,bond_gap,-1.19
2023-06-29,vn_10y,2.59
2023-06-29,us_10y,3.85
2023-06-29,bond_gap,-1.26
2023-06-30,vn_10y,2.64
2023-06-30,us_10y,3.81
2023-06-30,bond_gap,-1.17
2023-07-03,vn_10y,2.67
2023-07-03,us_10y,3.86
2023-07-03,bond_gap,-1.19
2023-07-05,vn_10y,2.66
2023-07-05,us_10y,3.95
2023-07-05,bond_gap,-1.29
2023-07-06,vn_10y,2.69
2023-07-06,us_10y,4.05
2023-07-06,bond_gap,-1.36
2023-07-07,vn_10y,2.73
2023-07-07,us_10y,4.06
2023-07-07,bond_gap,-1.33
2023-07-10,vn_10y,2.68
2023-07-10,us_10y,4.01
2023-07-10,bond_gap,-1.33
2023-07-11,vn_10y,2.65
2023-07-11,us_10y,3.99
2023-07-11,bond_gap,-1.34
2023-07-12,vn_10y,2.64
2023-07-12,us_10y,3.86
2023-07-12,bond_gap,-1.22
2023-07-13,vn_10y,2.61
2023-07-13,us_10y,3.76
2023-07-13,bond_gap,-1.15
2023-07-14,vn_10y,2.6
2023-07-14,us_10y,3.83
2023-07-14,bond_gap,-1.23
2023-07-17,vn_10y,2.53
2023-07-17,us_10y,3.81
2023-07-17,bond_gap,-1.28
2023-07-18,vn_10y,2.51
2023-07-18,us_10y,3.8
2023-07-18,bond_gap,-1.29
2023-07-19,vn_10y,2.47
2023-07-19,us_10y,3.75
2023-07-19,bond_gap,-1.28
2023-07-20,vn_10y,2.45
2023-07-20,us_10y,3.85
2023-07-20,bond_gap,-1.4
2023-07-21,vn_10y,2.44
2023-07-21,us_10y,3.84
2023-07-21,bond_gap,-1.4
2023-07-24,vn_10y,2.46
2023-07-24,us_10y,3.86
2023-07-24,bond_gap,-1.4
2023-07-25,vn_10y,2.43
2023-07-25,us_10y,3.91
2023-07-25,bond_gap,-1.48
2023-07-26,vn_10y,2.44
2023-07-26,us_10y,3.86
2023-07-26,bond_gap,-1.42
2023-07-27,vn_10y,2.41
2023-07-27,us_10y,4.01
2023-07-27,bond_gap,-1.6
2023-07-28,vn_10y,2.42
2023-07-28,us_10y,3.96
2023-07-28,bond_gap,-1.54
2023-07-31,vn_10y,2.42
2023-07-31,us_10y,3.97
2023-07-31,bond_gap,-1.55
2023-08-01,vn_10y,2.4
2023-08-01,us_10y,4.05
2023-08-01,bond_gap,-1.65
2023-08-02,vn_10y,2.41
2023-08-02,us_10y,4.08
2023-08-02,bond_gap,-1.67
2023-08-03,vn_10y,2.4
2023-08-03,us_10y,4.2
2023-08-03,bond_gap,-1.8
2023-08-04,vn_10y,2.42
2023-08-04,us_10y,4.05
2023-08-04,bond_gap,-1.63
2023-08-07,vn_10y,2.44
2023-08-07,us_10y,4.09
2023-08-07,bond_gap,-1.65
2023-08-08,vn_10y,2.43
2023-08-08,us_10y,4.02
2023-08-08,bond_gap,-1.59
2023-08-09,vn_10y,2.44
2023-08-09,us_10y,4.0
2023-08-09,bond_gap,-1.56
2023-08-10,vn_10y,2.44
2023-08-10,us_10y,4.09
2023-08-10,bond_gap,-1.65
2023-08-11,vn_10y,2.44
2023-08-11,us_10y,4.16
2023-08-11,bond_gap,-1.72
2023-08-14,vn_10y,2.46
2023-08-14,us_10y,4.19
2023-08-14,bond_gap,-1.73
2023-08-15,vn_10y,2.5
2023-08-15,us_10y,4.21
2023-08-15,bond_gap,-1.71
2023-08-16,vn_10y,2.54
2023-08-16,us_10y,4.28
2023-08-16,bond_gap,-1.74
2023-08-17,vn_10y,2.52
2023-08-17,us_10y,4.3
2023-08-17,bond_gap,-1.78
2023-08-18,vn_10y,2.49
2023-08-18,us_10y,4.26
2023-08-18,bond_gap,-1.77
2023-08-21,vn_10y,2.53
2023-08-21,us_10y,4.34
2023-08-21,bond_gap,-1.81
2023-08-22,vn_10y,2.56
2023-08-22,us_10y,4.34
2023-08-22,bond_gap,-1.78
2023-08-23,vn_10y,2.57
2023-08-23,us_10y,4.19
2023-08-23,bond_gap,-1.62
2023-08-24,vn_10y,2.55
2023-08-24,us_10y,4.23
2023-08-24,bond_gap,-1.68
2023-08-25,vn_10y,2.54
2023-08-25,us_10y,4.25
2023-08-25,bond_gap,-1.71
2023-08-28,vn_10y,2.55
2023-08-28,us_10y,4.2
2023-08-28,bond_gap,-1.65
2023-08-29,vn_10y,2.58
2023-08-29,us_10y,4.12
2023-08-29,bond_gap,-1.54
2023-08-30,vn_10y,2.58
2023-08-30,us_10y,4.12
2023-08-30,bond_gap,-1.54
2023-08-31,vn_10y,2.58
2023-08-31,us_10y,4.09
2023-08-31,bond_gap,-1.51
2023-09-05,vn_10y,2.57
2023-09-05,us_10y,4.27
2023-09-05,bond_gap,-1.7
2023-09-06,vn_10y,2.58
2023-09-06,us_10y,4.3
2023-09-06,bond_gap,-1.72
2023-09-07,vn_10y,2.59
2023-09-07,us_10y,4.27
2023-09-07,bond_gap,-1.68
2023-09-08,vn_10y,2.59
2023-09-08,us_10y,4.26
2023-09-08,bond_gap,-1.67
2023-09-11,vn_10y,2.59
2023-09-11,us_10y,4.29
2023-09-11,bond_gap,-1.7
2023-09-12,vn_10y,2.58
2023-09-12,us_10y,4.27
2023-09-12,bond_gap,-1.69
2023-09-13,vn_10y,2.58
2023-09-13,us_10y,4.25
2023-09-13,bond_gap,-1.67
2023-09-14,vn_10y,2.59
2023-09-14,us_10y,4.29
2023-09-14,bond_gap,-1.7
2023-09-15,vn_10y,2.59
2023-09-15,us_10y,4.33
2023-09-15,bond_gap,-1.74
2023-09-18,vn_10y,2.58
2023-09-18,us_10y,4.32
2023-09-18,bond_gap,-1.74
2023-09-19,vn_10y,2.57
2023-09-19,us_10y,4.37
2023-09-19,bond_gap,-1.8
2023-09-20,vn_10y,2.55
2023-09-20,us_10y,4.35
2023-09-20,bond_gap,-1.8
2023-09-21,vn_10y,2.57
2023-09-21,us_10y,4.49
2023-09-21,bond_gap,-1.92
2023-09-22,vn_10y,2.6
2023-09-22,us_10y,4.44
2023-09-22,bond_gap,-1.84
2023-09-25,vn_10y,2.61
2023-09-25,us_10y,4.55
2023-09-25,bond_gap,-1.94
2023-09-26,vn_10y,2.62
2023-09-26,us_10y,4.56
2023-09-26,bond_gap,-1.94
2023-09-27,vn_10y,2.62
2023-09-27,us_10y,4.61
2023-09-27,bond_gap,-1.99
2023-09-28,vn_10y,2.66
2023-09-28,us_10y,4.59
2023-09-28,bond_gap,-1.93
2023-09-29,vn_10y,2.68
2023-09-29,us_10y,4.59
2023-09-29,bond_gap,-1.91
2023-10-02,vn_10y,2.69
2023-10-02,us_10y,4.69
2023-10-02,bond_gap,-2.0
2023-10-03,vn_10y,2.81
2023-10-03,us_10y,4.81
2023-10-03,bond_gap,-2.0
2023-10-04,vn_10y,2.86
2023-10-04,us_10y,4.73
2023-10-04,bond_gap,-1.87
2023-10-05,vn_10y,2.88
2023-10-05,us_10y,4.72
2023-10-05,bond_gap,-1.84
2023-10-06,vn_10y,2.87
2023-10-06,us_10y,4.78
2023-10-06,bond_gap,-1.91
2023-10-10,vn_10y,2.87
2023-10-10,us_10y,4.66
2023-10-10,bond_gap,-1.79
2023-10-11,vn_10y,2.84
2023-10-11,us_10y,4.58
2023-10-11,bond_gap,-1.74
2023-10-12,vn_10y,2.83
2023-10-12,us_10y,4.7
2023-10-12,bond_gap,-1.87
2023-10-13,vn_10y,2.85
2023-10-13,us_10y,4.63
2023-10-13,bond_gap,-1.78
2023-10-16,vn_10y,2.85
2023-10-16,us_10y,4.71
2023-10-16,bond_gap,-1.86
2023-10-17,vn_10y,2.85
2023-10-17,us_10y,4.83
2023-10-17,bond_gap,-1.98
2023-10-18,vn_10y,2.86
2023-10-18,us_10y,4.91
2023-10-18,bond_gap,-2.05
2023-10-19,vn_10y,3.0
2023-10-19,us_10y,4.98
2023-10-19,bond_gap,-1.98
2023-10-20,vn_10y,3.06
2023-10-20,us_10y,4.93
2023-10-20,bond_gap,-1.87
2023-10-23,vn_10y,3.05
2023-10-23,us_10y,4.86
2023-10-23,bond_gap,-1.81
2023-10-24,vn_10y,3.03
2023-10-24,us_10y,4.83
2023-10-24,bond_gap,-1.8
2023-10-25,vn_10y,2.94
2023-10-25,us_10y,4.95
2023-10-25,bond_gap,-2.01
2023-10-26,vn_10y,2.9
2023-10-26,us_10y,4.86
2023-10-26,bond_gap,-1.96
2023-10-27,vn_10y,2.89
2023-10-27,us_10y,4.84
2023-10-27,bond_gap,-1.95
2023-10-30,vn_10y,2.88
2023-10-30,us_10y,4.88
2023-10-30,bond_gap,-2.0
2023-10-31,vn_10y,2.87
2023-10-31,us_10y,4.88
2023-10-31,bond_gap,-2.01
2023-11-01,vn_10y,2.82
2023-11-01,us_10y,4.77
2023-11-01,bond_gap,-1.95
2023-11-02,vn_10y,2.81
2023-11-02,us_10y,4.67
2023-11-02,bond_gap,-1.86
2023-11-03,vn_10y,2.79
2023-11-03,us_10y,4.57
2023-11-03,bond_gap,-1.78
2023-11-06,vn_10y,2.75
2023-11-06,us_10y,4.67
2023-11-06,bond_gap,-1.92
2023-11-07,vn_10y,2.7
2023-11-07,us_10y,4.58
2023-11-07,bond_gap,-1.88
2023-11-08,vn_10y,2.64
2023-11-08,us_10y,4.49
2023-11-08,bond_gap,-1.85
2023-11-09,vn_10y,2.64
2023-11-09,us_10y,4.62
2023-11-09,bond_gap,-1.98
2023-11-10,vn_10y,2.63
2023-11-10,us_10y,4.61
2023-11-10,bond_gap,-1.98
2023-11-13,vn_10y,2.6
2023-11-13,us_10y,4.63
2023-11-13,bond_gap,-2.03
2023-11-14,vn_10y,2.6
2023-11-14,us_10y,4.44
2023-11-14,bond_gap,-1.84
2023-11-15,vn_10y,2.57
2023-11-15,us_10y,4.53
2023-11-15,bond_gap,-1.96
2023-11-16,vn_10y,2.54
2023-11-16,us_10y,4.45
2023-11-16,bond_gap,-1.91
2023-11-17,vn_10y,2.52
2023-11-17,us_10y,4.44
2023-11-17,bond_gap,-1.92
2023-11-20,vn_10y,2.5
2023-11-20,us_10y,4.42
2023-11-20,bond_gap,-1.92
2023-11-21,vn_10y,2.48
2023-11-21,us_10y,4.41
2023-11-21,bond_gap,-1.93
2023-11-22,vn_10y,2.48
2023-11-22,us_10y,4.42
2023-11-22,bond_gap,-1.94
2023-11-24,vn_10y,2.41
2023-11-24,us_10y,4.47
2023-11-24,bond_gap,-2.06
2023-11-27,vn_10y,2.41
2023-11-27,us_10y,4.39
2023-11-27,bond_gap,-1.98
2023-11-28,vn_10y,2.4
2023-11-28,us_10y,4.34
2023-11-28,bond_gap,-1.94
2023-11-29,vn_10y,2.39
2023-11-29,us_10y,4.27
2023-11-29,bond_gap,-1.88
2023-11-30,vn_10y,2.33
2023-11-30,us_10y,4.37
2023-11-30,bond_gap,-2.04
2023-12-01,vn_10y,2.33
2023-12-01,us_10y,4.22
2023-12-01,bond_gap,-1.89
2023-12-04,vn_10y,2.34
2023-12-04,us_10y,4.28
2023-12-04,bond_gap,-1.94
2023-12-05,vn_10y,2.33
2023-12-05,us_10y,4.18
2023-12-05,bond_gap,-1.85
2023-12-06,vn_10y,2.35
2023-12-06,us_10y,4.12
2023-12-06,bond_gap,-1.77
2023-12-07,vn_10y,2.34
2023-12-07,us_10y,4.14
2023-12-07,bond_gap,-1.8
2023-12-08,vn_10y,2.34
2023-12-08,us_10y,4.23
2023-12-08,bond_gap,-1.89
2023-12-11,vn_10y,2.35
2023-12-11,us_10y,4.23
2023-12-11,bond_gap,-1.88
2023-12-12,vn_10y,2.34
2023-12-12,us_10y,4.2
2023-12-12,bond_gap,-1.86
2023-12-13,vn_10y,2.32
2023-12-13,us_10y,4.04
2023-12-13,bond_gap,-1.72
2023-12-14,vn_10y,2.24
2023-12-14,us_10y,3.92
2023-12-14,bond_gap,-1.68
2023-12-15,vn_10y,2.22
2023-12-15,us_10y,3.91
2023-12-15,bond_gap,-1.69
2023-12-18,vn_10y,2.22
2023-12-18,us_10y,3.95
2023-12-18,bond_gap,-1.73
2023-12-19,vn_10y,2.22
2023-12-19,us_10y,3.93
2023-12-19,bond_gap,-1.71
2023-12-20,vn_10y,2.2
2023-12-20,us_10y,3.86
2023-12-20,bond_gap,-1.66
2023-12-21,vn_10y,2.21
2023-12-21,us_10y,3.89
2023-12-21,bond_gap,-1.68
2023-12-22,vn_10y,2.21
2023-12-22,us_10y,3.9
2023-12-22,bond_gap,-1.69
2023-12-26,vn_10y,2.2
2023-12-26,us_10y,3.89
2023-12-26,bond_gap,-1.69
2023-12-27,vn_10y,2.2
2023-12-27,us_10y,3.79
2023-12-27,bond_gap,-1.59
2023-12-28,vn_10y,2.23
2023-12-28,us_10y,3.84
2023-12-28,bond_gap,-1.61
2023-12-29,vn_10y,2.24
2023-12-29,us_10y,3.88
2023-12-29,bond_gap,-1.64
2024-01-02,vn_10y,2.27
2024-01-02,us_10y,3.95
2024-01-02,bond_gap,-1.68
2024-01-03,vn_10y,2.3
2024-01-03,us_10y,3.91
2024-01-03,bond_gap,-1.61
2024-01-04,vn_10y,2.29
2024-01-04,us_10y,3.99
2024-01-04,bond_gap,-1.7
2024-01-05,vn_10y,2.25
2024-01-05,us_10y,4.05
2024-01-05,bond_gap,-1.8
2024-01-08,vn_10y,2.21
2024-01-08,us_10y,4.01
2024-01-08,bond_gap,-1.8
2024-01-09,vn_10y,2.21
2024-01-09,us_10y,4.02
2024-01-09,bond_gap,-1.81
2024-01-10,vn_10y,2.2
2024-01-10,us_10y,4.04
2024-01-10,bond_gap,-1.84
2024-01-11,vn_10y,2.21
2024-01-11,us_10y,3.98
2024-01-11,bond_gap,-1.77
2024-01-12,vn_10y,2.23
2024-01-12,us_10y,3.96
2024-01-12,bond_gap,-1.73
2024-01-16,vn_10y,2.22
2024-01-16,us_10y,4.07
2024-01-16,bond_gap,-1.85
2024-01-17,vn_10y,2.22
2024-01-17,us_10y,4.1
2024-01-17,bond_gap,-1.88
2024-01-18,vn_10y,2.23
2024-01-18,us_10y,4.14
2024-01-18,bond_gap,-1.91
2024-01-19,vn_10y,2.24
2024-01-19,us_10y,4.15
2024-01-19,bond_gap,-1.91
2024-01-22,vn_10y,2.25
2024-01-22,us_10y,4.11
2024-01-22,bond_gap,-1.86
2024-01-23,vn_10y,2.23
2024-01-23,us_10y,4.14
2024-01-23,bond_gap,-1.91
2024-01-24,vn_10y,2.22
2024-01-24,us_10y,4.18
2024-01-24,bond_gap,-1.96
2024-01-25,vn_10y,2.25
2024-01-25,us_10y,4.14
2024-01-25,bond_gap,-1.89
2024-01-26,vn_10y,2.28
2024-01-26,us_10y,4.15
2024-01-26,bond_gap,-1.87
2024-01-29,vn_10y,2.28
2024-01-29,us_10y,4.08
2024-01-29,bond_gap,-1.8
2024-01-30,vn_10y,2.3
2024-01-30,us_10y,4.06
2024-01-30,bond_gap,-1.76
2024-01-31,vn_10y,2.28
2024-01-31,us_10y,3.99
2024-01-31,bond_gap,-1.71
2024-02-01,vn_10y,2.29
2024-02-01,us_10y,3.87
2024-02-01,bond_gap,-1.58
2024-02-02,vn_10y,2.3
2024-02-02,us_10y,4.03
2024-02-02,bond_gap,-1.73
2024-02-05,vn_10y,2.32
2024-02-05,us_10y,4.17
2024-02-05,bond_gap,-1.85
2024-02-06,vn_10y,2.32
2024-02-06,us_10y,4.09
2024-02-06,bond_gap,-1.77
2024-02-07,vn_10y,2.3
2024-02-07,us_10y,4.09
2024-02-07,bond_gap,-1.79
2024-02-15,vn_10y,2.32
2024-02-15,us_10y,4.24
2024-02-15,bond_gap,-1.92
2024-02-16,vn_10y,2.31
2024-02-16,us_10y,4.3
2024-02-16,bond_gap,-1.99
2024-02-20,vn_10y,2.31
2024-02-20,us_10y,4.27
2024-02-20,bond_gap,-1.96
2024-02-21,vn_10y,2.32
2024-02-21,us_10y,4.32
2024-02-21,bond_gap,-2.0
2024-02-22,vn_10y,2.34
2024-02-22,us_10y,4.33
2024-02-22,bond_gap,-1.99
2024-02-23,vn_10y,2.35
2024-02-23,us_10y,4.26
2024-02-23,bond_gap,-1.91
2024-02-26,vn_10y,2.38
2024-02-26,us_10y,4.28
2024-02-26,bond_gap,-1.9
2024-02-27,vn_10y,2.34
2024-02-27,us_10y,4.31
2024-02-27,bond_gap,-1.97
2024-02-28,vn_10y,2.33
2024-02-28,us_10y,4.27
2024-02-28,bond_gap,-1.94
2024-02-29,vn_10y,2.35
2024-02-29,us_10y,4.25
2024-02-29,bond_gap,-1.9
2024-03-01,vn_10y,2.33
2024-03-01,us_10y,4.19
2024-03-01,bond_gap,-1.86
2024-03-04,vn_10y,2.34
2024-03-04,us_10y,4.22
2024-03-04,bond_gap,-1.88
2024-03-05,vn_10y,2.34
2024-03-05,us_10y,4.13
2024-03-05,bond_gap,-1.79
2024-03-06,vn_10y,2.35
2024-03-06,us_10y,4.11
2024-03-06,bond_gap,-1.76
2024-03-07,vn_10y,2.42
2024-03-07,us_10y,4.09
2024-03-07,bond_gap,-1.67
2024-03-08,vn_10y,2.51
2024-03-08,us_10y,4.09
2024-03-08,bond_gap,-1.58
2024-03-11,vn_10y,2.47
2024-03-11,us_10y,4.1
2024-03-11,bond_gap,-1.63
2024-03-12,vn_10y,2.5
2024-03-12,us_10y,4.16
2024-03-12,bond_gap,-1.66
2024-03-13,vn_10y,2.52
2024-03-13,us_10y,4.19
2024-03-13,bond_gap,-1.67
2024-03-14,vn_10y,2.51
2024-03-14,us_10y,4.29
2024-03-14,bond_gap,-1.78
2024-03-15,vn_10y,2.53
2024-03-15,us_10y,4.31
2024-03-15,bond_gap,-1.78
2024-03-18,vn_10y,2.53
2024-03-18,us_10y,4.34
2024-03-18,bond_gap,-1.81
2024-03-19,vn_10y,2.53
2024-03-19,us_10y,4.3
2024-03-19,bond_gap,-1.77
2024-03-20,vn_10y,2.54
2024-03-20,us_10y,4.27
2024-03-20,bond_gap,-1.73
2024-03-21,vn_10y,2.53
2024-03-21,us_10y,4.27
2024-03-21,bond_gap,-1.74
2024-03-22,vn_10y,2.54
2024-03-22,us_10y,4.22
2024-03-22,bond_gap,-1.68
2024-03-25,vn_10y,2.55
2024-03-25,us_10y,4.25
2024-03-25,bond_gap,-1.7
2024-03-26,vn_10y,2.56
2024-03-26,us_10y,4.24
2024-03-26,bond_gap,-1.68
2024-03-27,vn_10y,2.58
2024-03-27,us_10y,4.2
2024-03-27,bond_gap,-1.62
2024-03-28,vn_10y,2.59
2024-03-28,us_10y,4.2
2024-03-28,bond_gap,-1.61
2024-04-01,vn_10y,2.65
2024-04-01,us_10y,4.33
2024-04-01,bond_gap,-1.68
2024-04-02,vn_10y,2.76
2024-04-02,us_10y,4.36
2024-04-02,bond_gap,-1.6
2024-04-03,vn_10y,2.79
2024-04-03,us_10y,4.36
2024-04-03,bond_gap,-1.57
2024-04-04,vn_10y,2.81
2024-04-04,us_10y,4.31
2024-04-04,bond_gap,-1.5
2024-04-05,vn_10y,2.78
2024-04-05,us_10y,4.39
2024-04-05,bond_gap,-1.61
2024-04-08,vn_10y,2.76
2024-04-08,us_10y,4.42
2024-04-08,bond_gap,-1.66
2024-04-09,vn_10y,2.71
2024-04-09,us_10y,4.36
2024-04-09,bond_gap,-1.65
2024-04-10,vn_10y,2.71
2024-04-10,us_10y,4.55
2024-04-10,bond_gap,-1.84
2024-04-11,vn_10y,2.73
2024-04-11,us_10y,4.56
2024-04-11,bond_gap,-1.83
2024-04-12,vn_10y,2.76
2024-04-12,us_10y,4.5
2024-04-12,bond_gap,-1.74
2024-04-15,vn_10y,2.8
2024-04-15,us_10y,4.63
2024-04-15,bond_gap,-1.83
2024-04-16,vn_10y,2.82
2024-04-16,us_10y,4.67
2024-04-16,bond_gap,-1.85
2024-04-17,vn_10y,2.82
2024-04-17,us_10y,4.59
2024-04-17,bond_gap,-1.77
2024-04-19,vn_10y,2.81
2024-04-19,us_10y,4.62
2024-04-19,bond_gap,-1.81
2024-04-22,vn_10y,2.82
2024-04-22,us_10y,4.62
2024-04-22,bond_gap,-1.8
2024-04-23,vn_10y,2.81
2024-04-23,us_10y,4.61
2024-04-23,bond_gap,-1.8
2024-04-24,vn_10y,2.81
2024-04-24,us_10y,4.65
2024-04-24,bond_gap,-1.84
2024-04-25,vn_10y,2.79
2024-04-25,us_10y,4.7
2024-04-25,bond_gap,-1.91
2024-04-26,vn_10y,2.79
2024-04-26,us_10y,4.67
2024-04-26,bond_gap,-1.88
2024-05-02,vn_10y,2.79
2024-05-02,us_10y,4.58
2024-05-02,bond_gap,-1.79
2024-05-03,vn_10y,2.79
2024-05-03,us_10y,4.5
2024-05-03,bond_gap,-1.71
2024-05-06,vn_10y,2.75
2024-05-06,us_10y,4.49
2024-05-06,bond_gap,-1.74
2024-05-07,vn_10y,2.75
2024-05-07,us_10y,4.47
2024-05-07,bond_gap,-1.72
2024-05-08,vn_10y,2.75
2024-05-08,us_10y,4.48
2024-05-08,bond_gap,-1.73
2024-05-09,vn_10y,2.76
2024-05-09,us_10y,4.45
2024-05-09,bond_gap,-1.69
2024-05-10,vn_10y,2.75
2024-05-10,us_10y,4.5
2024-05-10,bond_gap,-1.75
2024-05-13,vn_10y,2.75
2024-05-13,us_10y,4.48
2024-05-13,bond_gap,-1.73
2024-05-14,vn_10y,2.76
2024-05-14,us_10y,4.45
2024-05-14,bond_gap,-1.69
2024-05-15,vn_10y,2.76
2024-05-15,us_10y,4.36
2024-05-15,bond_gap,-1.6
2024-05-16,vn_10y,2.75
2024-05-16,us_10y,4.38
2024-05-16,bond_gap,-1.63
2024-05-17,vn_10y,2.75
2024-05-17,us_10y,4.42
2024-05-17,bond_gap,-1.67
2024-05-20,vn_10y,2.75
2024-05-20,us_10y,4.44
2024-05-20,bond_gap,-1.69
2024-05-21,vn_10y,2.75
2024-05-21,us_10y,4.41
2024-05-21,bond_gap,-1.66
2024-05-22,vn_10y,2.85
2024-05-22,us_10y,4.43
2024-05-22,bond_gap,-1.58
2024-05-23,vn_10y,2.92
2024-05-23,us_10y,4.47
2024-05-23,bond_gap,-1.55
2024-05-24,vn_10y,2.92
2024-05-24,us_10y,4.46
2024-05-24,bond_gap,-1.54
2024-05-28,vn_10y,2.87
2024-05-28,us_10y,4.54
2024-05-28,bond_gap,-1.67
2024-05-29,vn_10y,2.86
2024-05-29,us_10y,4.61
2024-05-29,bond_gap,-1.75
2024-05-30,vn_10y,2.86
2024-05-30,us_10y,4.55
2024-05-30,bond_gap,-1.69
2024-05-31,vn_10y,2.85
2024-05-31,us_10y,4.51
2024-05-31,bond_gap,-1.66
2024-06-03,vn_10y,2.82
2024-06-03,us_10y,4.41
2024-06-03,bond_gap,-1.59
2024-06-04,vn_10y,2.81
2024-06-04,us_10y,4.33
2024-06-04,bond_gap,-1.52
2024-06-05,vn_10y,2.81
2024-06-05,us_10y,4.29
2024-06-05,bond_gap,-1.48
2024-06-06,vn_10y,2.82
2024-06-06,us_10y,4.28
2024-06-06,bond_gap,-1.46
2024-06-07,vn_10y,2.81
2024-06-07,us_10y,4.43
2024-06-07,bond_gap,-1.62
2024-06-10,vn_10y,2.81
2024-06-10,us_10y,4.47
2024-06-10,bond_gap,-1.66
2024-06-11,vn_10y,2.81
2024-06-11,us_10y,4.39
2024-06-11,bond_gap,-1.58
2024-06-12,vn_10y,2.81
2024-06-12,us_10y,4.31
2024-06-12,bond_gap,-1.5
2024-06-13,vn_10y,2.8
2024-06-13,us_10y,4.24
2024-06-13,bond_gap,-1.44
2024-06-14,vn_10y,2.79
2024-06-14,us_10y,4.2
2024-06-14,bond_gap,-1.41
2024-06-17,vn_10y,2.8
2024-06-17,us_10y,4.28
2024-06-17,bond_gap,-1.48
2024-06-18,vn_10y,2.8
2024-06-18,us_10y,4.22
2024-06-18,bond_gap,-1.42
2024-06-20,vn_10y,2.75
2024-06-20,us_10y,4.25
2024-06-20,bond_gap,-1.5
2024-06-21,vn_10y,2.77
2024-06-21,us_10y,4.25
2024-06-21,bond_gap,-1.48
2024-06-24,vn_10y,2.78
2024-06-24,us_10y,4.25
2024-06-24,bond_gap,-1.47
2024-06-25,vn_10y,2.78
2024-06-25,us_10y,4.23
2024-06-25,bond_gap,-1.45
2024-06-26,vn_10y,2.79
2024-06-26,us_10y,4.32
2024-06-26,bond_gap,-1.53
2024-06-27,vn_10y,2.78
2024-06-27,us_10y,4.29
2024-06-27,bond_gap,-1.51
2024-06-28,vn_10y,2.79
2024-06-28,us_10y,4.36
2024-06-28,bond_gap,-1.57
2024-07-01,vn_10y,2.77
2024-07-01,us_10y,4.48
2024-07-01,bond_gap,-1.71
2024-07-02,vn_10y,2.77
2024-07-02,us_10y,4.43
2024-07-02,bond_gap,-1.66
2024-07-03,vn_10y,2.77
2024-07-03,us_10y,4.36
2024-07-03,bond_gap,-1.59
2024-07-05,vn_10y,2.78
2024-07-05,us_10y,4.28
2024-07-05,bond_gap,-1.5
2024-07-08,vn_10y,2.78
2024-07-08,us_10y,4.28
2024-07-08,bond_gap,-1.5
2024-07-09,vn_10y,2.8
2024-07-09,us_10y,4.3
2024-07-09,bond_gap,-1.5
2024-07-10,vn_10y,2.79
2024-07-10,us_10y,4.28
2024-07-10,bond_gap,-1.49
2024-07-11,vn_10y,2.79
2024-07-11,us_10y,4.2
2024-07-11,bond_gap,-1.41
2024-07-12,vn_10y,2.79
2024-07-12,us_10y,4.18
2024-07-12,bond_gap,-1.39
2024-07-15,vn_10y,2.79
2024-07-15,us_10y,4.23
2024-07-15,bond_gap,-1.44
2024-07-16,vn_10y,2.79
2024-07-16,us_10y,4.17
2024-07-16,bond_gap,-1.38
2024-07-17,vn_10y,2.79
2024-07-17,us_10y,4.16
2024-07-17,bond_gap,-1.37
2024-07-18,vn_10y,2.79
2024-07-18,us_10y,4.2
2024-07-18,bond_gap,-1.41
2024-07-19,vn_10y,2.79
2024-07-19,us_10y,4.25
2024-07-19,bond_gap,-1.46
2024-07-22,vn_10y,2.79
2024-07-22,us_10y,4.26
2024-07-22,bond_gap,-1.47
2024-07-23,vn_10y,2.8
2024-07-23,us_10y,4.25
2024-07-23,bond_gap,-1.45
2024-07-24,vn_10y,2.79
2024-07-24,us_10y,4.28
2024-07-24,bond_gap,-1.49
2024-07-25,vn_10y,2.79
2024-07-25,us_10y,4.27
2024-07-25,bond_gap,-1.48
2024-07-26,vn_10y,2.8
2024-07-26,us_10y,4.2
2024-07-26,bond_gap,-1.4
2024-07-29,vn_10y,2.79
2024-07-29,us_10y,4.17
2024-07-29,bond_gap,-1.38
2024-07-30,vn_10y,2.8
2024-07-30,us_10y,4.15
2024-07-30,bond_gap,-1.35
2024-07-31,vn_10y,2.8
2024-07-31,us_10y,4.09
2024-07-31,bond_gap,-1.29
2024-08-01,vn_10y,2.8
2024-08-01,us_10y,3.99
2024-08-01,bond_gap,-1.19
2024-08-02,vn_10y,2.79
2024-08-02,us_10y,3.8
2024-08-02,bond_gap,-1.01
2024-08-05,vn_10y,2.77
2024-08-05,us_10y,3.78
2024-08-05,bond_gap,-1.01
2024-08-06,vn_10y,2.75
2024-08-06,us_10y,3.9
2024-08-06,bond_gap,-1.15
2024-08-07,vn_10y,2.74
2024-08-07,us_10y,3.96
2024-08-07,bond_gap,-1.22
2024-08-08,vn_10y,2.74
2024-08-08,us_10y,3.99
2024-08-08,bond_gap,-1.25
2024-08-09,vn_10y,2.74
2024-08-09,us_10y,3.94
2024-08-09,bond_gap,-1.2
2024-08-12,vn_10y,2.73
2024-08-12,us_10y,3.9
2024-08-12,bond_gap,-1.17
2024-08-13,vn_10y,2.73
2024-08-13,us_10y,3.85
2024-08-13,bond_gap,-1.12
2024-08-14,vn_10y,2.72
2024-08-14,us_10y,3.83
2024-08-14,bond_gap,-1.11
2024-08-15,vn_10y,2.73
2024-08-15,us_10y,3.92
2024-08-15,bond_gap,-1.19
2024-08-16,vn_10y,2.72
2024-08-16,us_10y,3.89
2024-08-16,bond_gap,-1.17
2024-08-19,vn_10y,2.73
2024-08-19,us_10y,3.86
2024-08-19,bond_gap,-1.13
2024-08-20,vn_10y,2.72
2024-08-20,us_10y,3.82
2024-08-20,bond_gap,-1.1
2024-08-21,vn_10y,2.72
2024-08-21,us_10y,3.79
2024-08-21,bond_gap,-1.07
2024-08-22,vn_10y,2.71
2024-08-22,us_10y,3.86
2024-08-22,bond_gap,-1.15
2024-08-23,vn_10y,2.72
2024-08-23,us_10y,3.81
2024-08-23,bond_gap,-1.09
2024-08-26,vn_10y,2.71
2024-08-26,us_10y,3.82
2024-08-26,bond_gap,-1.11
2024-08-27,vn_10y,2.72
2024-08-27,us_10y,3.83
2024-08-27,bond_gap,-1.11
2024-08-28,vn_10y,2.72
2024-08-28,us_10y,3.84
2024-08-28,bond_gap,-1.12
2024-08-29,vn_10y,2.71
2024-08-29,us_10y,3.87
2024-08-29,bond_gap,-1.16
2024-08-30,vn_10y,2.72
2024-08-30,us_10y,3.91
2024-08-30,bond_gap,-1.19
2024-09-04,vn_10y,2.72
2024-09-04,us_10y,3.77
2024-09-04,bond_gap,-1.05
2024-09-05,vn_10y,2.72
2024-09-05,us_10y,3.73
2024-09-05,bond_gap,-1.01
2024-09-06,vn_10y,2.72
2024-09-06,us_10y,3.72
2024-09-06,bond_gap,-1.0
2024-09-09,vn_10y,2.71
2024-09-09,us_10y,3.7
2024-09-09,bond_gap,-0.99
2024-09-10,vn_10y,2.71
2024-09-10,us_10y,3.65
2024-09-10,bond_gap,-0.94
2024-09-11,vn_10y,2.7
2024-09-11,us_10y,3.65
2024-09-11,bond_gap,-0.95
2024-09-12,vn_10y,2.7
2024-09-12,us_10y,3.68
2024-09-12,bond_gap,-0.98
2024-09-13,vn_10y,2.7
2024-09-13,us_10y,3.66
2024-09-13,bond_gap,-0.96
2024-09-16,vn_10y,2.7
2024-09-16,us_10y,3.63
2024-09-16,bond_gap,-0.93
2024-09-17,vn_10y,2.69
2024-09-17,us_10y,3.65
2024-09-17,bond_gap,-0.96
2024-09-18,vn_10y,2.7
2024-09-18,us_10y,3.7
2024-09-18,bond_gap,-1.0
2024-09-19,vn_10y,2.68
2024-09-19,us_10y,3.73
2024-09-19,bond_gap,-1.05
2024-09-20,vn_10y,2.67
2024-09-20,us_10y,3.73
2024-09-20,bond_gap,-1.06
2024-09-23,vn_10y,2.66
2024-09-23,us_10y,3.75
2024-09-23,bond_gap,-1.09
2024-09-24,vn_10y,2.67
2024-09-24,us_10y,3.74
2024-09-24,bond_gap,-1.07
2024-09-25,vn_10y,2.66
2024-09-25,us_10y,3.79
2024-09-25,bond_gap,-1.13
2024-09-26,vn_10y,2.66
2024-09-26,us_10y,3.79
2024-09-26,bond_gap,-1.13
2024-09-27,vn_10y,2.66
2024-09-27,us_10y,3.75
2024-09-27,bond_gap,-1.09
2024-09-30,vn_10y,2.66
2024-09-30,us_10y,3.81
2024-09-30,bond_gap,-1.15
2024-10-01,vn_10y,2.66
2024-10-01,us_10y,3.74
2024-10-01,bond_gap,-1.08
2024-10-02,vn_10y,2.66
2024-10-02,us_10y,3.79
2024-10-02,bond_gap,-1.13
2024-10-03,vn_10y,2.66
2024-10-03,us_10y,3.85
2024-10-03,bond_gap,-1.19
2024-10-04,vn_10y,2.67
2024-10-04,us_10y,3.98
2024-10-04,bond_gap,-1.31
2024-10-07,vn_10y,2.66
2024-10-07,us_10y,4.03
2024-10-07,bond_gap,-1.37
2024-10-08,vn_10y,2.66
2024-10-08,us_10y,4.04
2024-10-08,bond_gap,-1.38
2024-10-09,vn_10y,2.66
2024-10-09,us_10y,4.06
2024-10-09,bond_gap,-1.4
2024-10-10,vn_10y,2.66
2024-10-10,us_10y,4.09
2024-10-10,bond_gap,-1.43
2024-10-11,vn_10y,2.66
2024-10-11,us_10y,4.08
2024-10-11,bond_gap,-1.42
2024-10-15,vn_10y,2.66
2024-10-15,us_10y,4.03
2024-10-15,bond_gap,-1.37
2024-10-16,vn_10y,2.66
2024-10-16,us_10y,4.02
2024-10-16,bond_gap,-1.36
2024-10-17,vn_10y,2.66
2024-10-17,us_10y,4.09
2024-10-17,bond_gap,-1.43
2024-10-18,vn_10y,2.67
2024-10-18,us_10y,4.08
2024-10-18,bond_gap,-1.41
2024-10-21,vn_10y,2.67
2024-10-21,us_10y,4.19
2024-10-21,bond_gap,-1.52
2024-10-22,vn_10y,2.69
2024-10-22,us_10y,4.2
2024-10-22,bond_gap,-1.51
2024-10-23,vn_10y,2.7
2024-10-23,us_10y,4.24
2024-10-23,bond_gap,-1.54
2024-10-24,vn_10y,2.7
2024-10-24,us_10y,4.21
2024-10-24,bond_gap,-1.51
2024-10-25,vn_10y,2.7
2024-10-25,us_10y,4.25
2024-10-25,bond_gap,-1.55
2024-10-28,vn_10y,2.7
2024-10-28,us_10y,4.28
2024-10-28,bond_gap,-1.58
2024-10-29,vn_10y,2.7
2024-10-29,us_10y,4.28
2024-10-29,bond_gap,-1.58
2024-10-30,vn_10y,2.7
2024-10-30,us_10y,4.29
2024-10-30,bond_gap,-1.59
2024-10-31,vn_10y,2.7
2024-10-31,us_10y,4.28
2024-10-31,bond_gap,-1.58
2024-11-01,vn_10y,2.7
2024-11-01,us_10y,4.37
2024-11-01,bond_gap,-1.67
2024-11-04,vn_10y,2.7
2024-11-04,us_10y,4.31
2024-11-04,bond_gap,-1.61
2024-11-05,vn_10y,2.71
2024-11-05,us_10y,4.26
2024-11-05,bond_gap,-1.55
2024-11-06,vn_10y,2.71
2024-11-06,us_10y,4.42
2024-11-06,bond_gap,-1.71
2024-11-07,vn_10y,2.73
2024-11-07,us_10y,4.31
2024-11-07,bond_gap,-1.58
2024-11-08,vn_10y,2.73
2024-11-08,us_10y,4.3
2024-11-08,bond_gap,-1.57
2024-11-12,vn_10y,2.73
2024-11-12,us_10y,4.43
2024-11-12,bond_gap,-1.7
2024-11-13,vn_10y,2.74
2024-11-13,us_10y,4.44
2024-11-13,bond_gap,-1.7
2024-11-14,vn_10y,2.74
2024-11-14,us_10y,4.43
2024-11-14,bond_gap,-1.69
2024-11-15,vn_10y,2.74
2024-11-15,us_10y,4.43
2024-11-15,bond_gap,-1.69
2024-11-18,vn_10y,2.74
2024-11-18,us_10y,4.42
2024-11-18,bond_gap,-1.68
2024-11-19,vn_10y,2.74
2024-11-19,us_10y,4.39
2024-11-19,bond_gap,-1.65
2024-11-20,vn_10y,2.75
2024-11-20,us_10y,4.41
2024-11-20,bond_gap,-1.66
2024-11-21,vn_10y,2.76
2024-11-21,us_10y,4.43
2024-11-21,bond_gap,-1.67
2024-11-22,vn_10y,2.76
2024-11-22,us_10y,4.41
2024-11-22,bond_gap,-1.65
2024-11-25,vn_10y,2.76
2024-11-25,us_10y,4.27
2024-11-25,bond_gap,-1.51
2024-11-26,vn_10y,2.75
2024-11-26,us_10y,4.3
2024-11-26,bond_gap,-1.55
2024-11-27,vn_10y,2.76
2024-11-27,us_10y,4.25
2024-11-27,bond_gap,-1.49
2024-11-29,vn_10y,2.76
2024-11-29,us_10y,4.18
2024-11-29,bond_gap,-1.42
2024-12-02,vn_10y,2.75
2024-12-02,us_10y,4.19
2024-12-02,bond_gap,-1.44
2024-12-03,vn_10y,2.78
2024-12-03,us_10y,4.23
2024-12-03,bond_gap,-1.45
2024-12-04,vn_10y,2.79
2024-12-04,us_10y,4.19
2024-12-04,bond_gap,-1.4
2024-12-05,vn_10y,2.79
2024-12-05,us_10y,4.17
2024-12-05,bond_gap,-1.38
2024-12-06,vn_10y,2.8
2024-12-06,us_10y,4.15
2024-12-06,bond_gap,-1.35
2024-12-09,vn_10y,2.8
2024-12-09,us_10y,4.2
2024-12-09,bond_gap,-1.4
2024-12-10,vn_10y,2.8
2024-12-10,us_10y,4.22
2024-12-10,bond_gap,-1.42
2024-12-11,vn_10y,2.81
2024-12-11,us_10y,4.26
2024-12-11,bond_gap,-1.45
2024-12-12,vn_10y,2.84
2024-12-12,us_10y,4.32
2024-12-12,bond_gap,-1.48
2024-12-13,vn_10y,2.84
2024-12-13,us_10y,4.4
2024-12-13,bond_gap,-1.56
2024-12-16,vn_10y,2.86
2024-12-16,us_10y,4.39
2024-12-16,bond_gap,-1.53
2024-12-17,vn_10y,2.85
2024-12-17,us_10y,4.4
2024-12-17,bond_gap,-1.55
2024-12-18,vn_10y,2.88
2024-12-18,us_10y,4.5
2024-12-18,bond_gap,-1.62
2024-12-19,vn_10y,2.97
2024-12-19,us_10y,4.57
2024-12-19,bond_gap,-1.6
2024-12-20,vn_10y,2.97
2024-12-20,us_10y,4.52
2024-12-20,bond_gap,-1.55
2024-12-23,vn_10y,2.96
2024-12-23,us_10y,4.59
2024-12-23,bond_gap,-1.63
2024-12-24,vn_10y,2.97
2024-12-24,us_10y,4.59
2024-12-24,bond_gap,-1.62
2024-12-26,vn_10y,2.97
2024-12-26,us_10y,4.58
2024-12-26,bond_gap,-1.61
2024-12-27,vn_10y,2.97
2024-12-27,us_10y,4.62
2024-12-27,bond_gap,-1.65
2024-12-30,vn_10y,2.96
2024-12-30,us_10y,4.55
2024-12-30,bond_gap,-1.59
2024-12-31,vn_10y,2.97
2024-12-31,us_10y,4.58
2024-12-31,bond_gap,-1.61
2025-01-02,vn_10y,2.98
2025-01-02,us_10y,4.57
2025-01-02,bond_gap,-1.59
2025-01-03,vn_10y,2.98
2025-01-03,us_10y,4.6
2025-01-03,bond_gap,-1.62
2025-01-06,vn_10y,2.98
2025-01-06,us_10y,4.62
2025-01-06,bond_gap,-1.64
2025-01-07,vn_10y,2.98
2025-01-07,us_10y,4.67
2025-01-07,bond_gap,-1.69
2025-01-08,vn_10y,2.98
2025-01-08,us_10y,4.67
2025-01-08,bond_gap,-1.69
2025-01-09,vn_10y,2.99
2025-01-09,us_10y,4.68
2025-01-09,bond_gap,-1.69
2025-01-10,vn_10y,3.03
2025-01-10,us_10y,4.77
2025-01-10,bond_gap,-1.74
2025-01-13,vn_10y,3.06
2025-01-13,us_10y,4.79
2025-01-13,bond_gap,-1.73
2025-01-14,vn_10y,3.07
2025-01-14,us_10y,4.78
2025-01-14,bond_gap,-1.71
2025-01-15,vn_10y,3.08
2025-01-15,us_10y,4.66
2025-01-15,bond_gap,-1.58
2025-01-16,vn_10y,3.08
2025-01-16,us_10y,4.61
2025-01-16,bond_gap,-1.53
2025-01-17,vn_10y,3.07
2025-01-17,us_10y,4.61
2025-01-17,bond_gap,-1.54
2025-01-21,vn_10y,3.05
2025-01-21,us_10y,4.57
2025-01-21,bond_gap,-1.52
2025-01-22,vn_10y,3.04
2025-01-22,us_10y,4.6
2025-01-22,bond_gap,-1.56
2025-01-23,vn_10y,2.99
2025-01-23,us_10y,4.65
2025-01-23,bond_gap,-1.66
2025-01-24,vn_10y,3.0
2025-01-24,us_10y,4.63
2025-01-24,bond_gap,-1.63
2025-02-03,vn_10y,3.02
2025-02-03,us_10y,4.54
2025-02-03,bond_gap,-1.52
2025-02-04,vn_10y,3.02
2025-02-04,us_10y,4.52
2025-02-04,bond_gap,-1.5
2025-02-05,vn_10y,3.01
2025-02-05,us_10y,4.43
2025-02-05,bond_gap,-1.42
2025-02-06,vn_10y,3.04
2025-02-06,us_10y,4.45
2025-02-06,bond_gap,-1.41
2025-02-07,vn_10y,3.04
2025-02-07,us_10y,4.49
2025-02-07,bond_gap,-1.45
2025-02-10,vn_10y,3.07
2025-02-10,us_10y,4.51
2025-02-10,bond_gap,-1.44
2025-02-11,vn_10y,3.08
2025-02-11,us_10y,4.54
2025-02-11,bond_gap,-1.46
2025-02-12,vn_10y,3.1
2025-02-12,us_10y,4.62
2025-02-12,bond_gap,-1.52
2025-02-13,vn_10y,3.13
2025-02-13,us_10y,4.52
2025-02-13,bond_gap,-1.39
2025-02-14,vn_10y,3.13
2025-02-14,us_10y,4.47
2025-02-14,bond_gap,-1.34
2025-02-18,vn_10y,3.13
2025-02-18,us_10y,4.55
2025-02-18,bond_gap,-1.42
2025-02-19,vn_10y,3.13
2025-02-19,us_10y,4.53
2025-02-19,bond_gap,-1.4
2025-02-20,vn_10y,3.12
2025-02-20,us_10y,4.5
2025-02-20,bond_gap,-1.38
2025-02-21,vn_10y,3.12
2025-02-21,us_10y,4.42
2025-02-21,bond_gap,-1.3
2025-02-24,vn_10y,3.12
2025-02-24,us_10y,4.4
2025-02-24,bond_gap,-1.28
2025-02-25,vn_10y,3.12
2025-02-25,us_10y,4.3
2025-02-25,bond_gap,-1.18
2025-02-26,vn_10y,3.11
2025-02-26,us_10y,4.25
2025-02-26,bond_gap,-1.14
2025-02-27,vn_10y,3.09
2025-02-27,us_10y,4.29
2025-02-27,bond_gap,-1.2
2025-02-28,vn_10y,3.09
2025-02-28,us_10y,4.24
2025-02-28,bond_gap,-1.15
2025-03-03,vn_10y,3.08
2025-03-03,us_10y,4.16
2025-03-03,bond_gap,-1.08
2025-03-04,vn_10y,3.07
2025-03-04,us_10y,4.22
2025-03-04,bond_gap,-1.15
2025-03-05,vn_10y,3.02
2025-03-05,us_10y,4.28
2025-03-05,bond_gap,-1.26
2025-03-06,vn_10y,2.96
2025-03-06,us_10y,4.29
2025-03-06,bond_gap,-1.33
2025-03-07,vn_10y,2.95
2025-03-07,us_10y,4.32
2025-03-07,bond_gap,-1.37
2025-03-10,vn_10y,2.96
2025-03-10,us_10y,4.22
2025-03-10,bond_gap,-1.26
2025-03-11,vn_10y,2.96
2025-03-11,us_10y,4.28
2025-03-11,bond_gap,-1.32
2025-03-12,vn_10y,2.96
2025-03-12,us_10y,4.32
2025-03-12,bond_gap,-1.36
2025-03-13,vn_10y,2.96
2025-03-13,us_10y,4.27
2025-03-13,bond_gap,-1.31
2025-03-14,vn_10y,2.97
2025-03-14,us_10y,4.31
2025-03-14,bond_gap,-1.34
2025-03-17,vn_10y,2.96
2025-03-17,us_10y,4.31
2025-03-17,bond_gap,-1.35
2025-03-18,vn_10y,2.96
2025-03-18,us_10y,4.29
2025-03-18,bond_gap,-1.33
2025-03-19,vn_10y,2.96
2025-03-19,us_10y,4.25
2025-03-19,bond_gap,-1.29
2025-03-20,vn_10y,2.96
2025-03-20,us_10y,4.24
2025-03-20,bond_gap,-1.28
2025-03-21,vn_10y,2.96
2025-03-21,us_10y,4.25
2025-03-21,bond_gap,-1.29
2025-03-24,vn_10y,2.97
2025-03-24,us_10y,4.34
2025-03-24,bond_gap,-1.37
2025-03-25,vn_10y,2.97
2025-03-25,us_10y,4.31
2025-03-25,bond_gap,-1.34
2025-03-26,vn_10y,2.98
2025-03-26,us_10y,4.35
2025-03-26,bond_gap,-1.37
2025-03-27,vn_10y,2.97
2025-03-27,us_10y,4.38
2025-03-27,bond_gap,-1.41
2025-03-28,vn_10y,2.96
2025-03-28,us_10y,4.27
2025-03-28,bond_gap,-1.31
2025-03-31,vn_10y,2.96
2025-03-31,us_10y,4.23
2025-03-31,bond_gap,-1.27
2025-04-01,vn_10y,2.97
2025-04-01,us_10y,4.17
2025-04-01,bond_gap,-1.2
2025-04-02,vn_10y,2.96
2025-04-02,us_10y,4.2
2025-04-02,bond_gap,-1.24
2025-04-03,vn_10y,3.04
2025-04-03,us_10y,4.06
2025-04-03,bond_gap,-1.02
2025-04-04,vn_10y,3.02
2025-04-04,us_10y,4.01
2025-04-04,bond_gap,-0.99
2025-04-08,vn_10y,3.04
2025-04-08,us_10y,4.26
2025-04-08,bond_gap,-1.22
2025-04-09,vn_10y,3.04
2025-04-09,us_10y,4.34
2025-04-09,bond_gap,-1.3
2025-04-10,vn_10y,3.04
2025-04-10,us_10y,4.4
2025-04-10,bond_gap,-1.36
2025-04-11,vn_10y,3.04
2025-04-11,us_10y,4.48
2025-04-11,bond_gap,-1.44
2025-04-14,vn_10y,3.04
2025-04-14,us_10y,4.38
2025-04-14,bond_gap,-1.34
2025-04-15,vn_10y,3.04
2025-04-15,us_10y,4.35
2025-04-15,bond_gap,-1.31
2025-04-16,vn_10y,3.03
2025-04-16,us_10y,4.29
2025-04-16,bond_gap,-1.26
2025-04-17,vn_10y,3.04
2025-04-17,us_10y,4.34
2025-04-17,bond_gap,-1.3
2025-04-21,vn_10y,3.04
2025-04-21,us_10y,4.42
2025-04-21,bond_gap,-1.38
2025-04-22,vn_10y,3.04
2025-04-22,us_10y,4.41
2025-04-22,bond_gap,-1.37
2025-04-23,vn_10y,3.04
2025-04-23,us_10y,4.4
2025-04-23,bond_gap,-1.36
2025-04-24,vn_10y,3.08
2025-04-24,us_10y,4.32
2025-04-24,bond_gap,-1.24
2025-04-25,vn_10y,3.07
2025-04-25,us_10y,4.29
2025-04-25,bond_gap,-1.22
2025-04-28,vn_10y,3.07
2025-04-28,us_10y,4.23
2025-04-28,bond_gap,-1.16
2025-04-29,vn_10y,3.07
2025-04-29,us_10y,4.19
2025-04-29,bond_gap,-1.12
2025-05-05,vn_10y,3.08
2025-05-05,us_10y,4.36
2025-05-05,bond_gap,-1.28
2025-05-06,vn_10y,3.08
2025-05-06,us_10y,4.3
2025-05-06,bond_gap,-1.22
2025-05-07,vn_10y,3.07
2025-05-07,us_10y,4.26
2025-05-07,bond_gap,-1.19
2025-05-08,vn_10y,3.08
2025-05-08,us_10y,4.37
2025-05-08,bond_gap,-1.29
2025-05-09,vn_10y,3.08
2025-05-09,us_10y,4.37
2025-05-09,bond_gap,-1.29
2025-05-12,vn_10y,3.07
2025-05-12,us_10y,4.45
2025-05-12,bond_gap,-1.38
2025-05-13,vn_10y,3.08
2025-05-13,us_10y,4.49
2025-05-13,bond_gap,-1.41
2025-05-14,vn_10y,3.07
2025-05-14,us_10y,4.53
2025-05-14,bond_gap,-1.46
2025-05-15,vn_10y,3.07
2025-05-15,us_10y,4.45
2025-05-15,bond_gap,-1.38
2025-05-16,vn_10y,3.07
2025-05-16,us_10y,4.43
2025-05-16,bond_gap,-1.36
2025-05-19,vn_10y,3.07
2025-05-19,us_10y,4.46
2025-05-19,bond_gap,-1.39
2025-05-20,vn_10y,3.08
2025-05-20,us_10y,4.48
2025-05-20,bond_gap,-1.4
2025-05-21,vn_10y,3.07
2025-05-21,us_10y,4.58
2025-05-21,bond_gap,-1.51
2025-05-22,vn_10y,3.08
2025-05-22,us_10y,4.54
2025-05-22,bond_gap,-1.46
2025-05-23,vn_10y,3.08
2025-05-23,us_10y,4.51
2025-05-23,bond_gap,-1.43
2025-05-26,vn_10y,3.09
2025-05-26,us_10y,4.47
2025-05-26,bond_gap,-1.38
2025-05-27,vn_10y,3.09
2025-05-27,us_10y,4.43
2025-05-27,bond_gap,-1.34
2025-05-28,vn_10y,3.1
2025-05-28,us_10y,4.47
2025-05-28,bond_gap,-1.37
2025-05-29,vn_10y,3.11
2025-05-29,us_10y,4.43
2025-05-29,bond_gap,-1.32
2025-05-30,vn_10y,3.11
2025-05-30,us_10y,4.41
2025-05-30,bond_gap,-1.3
2025-06-02,vn_10y,3.12
2025-06-02,us_10y,4.46
2025-06-02,bond_gap,-1.34
2025-06-03,vn_10y,3.12
2025-06-03,us_10y,4.46
2025-06-03,bond_gap,-1.34
2025-06-04,vn_10y,3.13
2025-06-04,us_10y,4.37
2025-06-04,bond_gap,-1.24
2025-06-05,vn_10y,3.14
2025-06-05,us_10y,4.4
2025-06-05,bond_gap,-1.26
2025-06-06,vn_10y,3.15
2025-06-06,us_10y,4.51
2025-06-06,bond_gap,-1.36
2025-06-09,vn_10y,3.15
2025-06-09,us_10y,4.49
2025-06-09,bond_gap,-1.34
2025-06-10,vn_10y,3.15
2025-06-10,us_10y,4.47
2025-06-10,bond_gap,-1.32
2025-06-11,vn_10y,3.15
2025-06-11,us_10y,4.41
2025-06-11,bond_gap,-1.26
2025-06-12,vn_10y,3.16
2025-06-12,us_10y,4.36
2025-06-12,bond_gap,-1.2
2025-06-13,vn_10y,3.16
2025-06-13,us_10y,4.41
2025-06-13,bond_gap,-1.25
2025-06-16,vn_10y,3.16
2025-06-16,us_10y,4.46
2025-06-16,bond_gap,-1.3
2025-06-17,vn_10y,3.16
2025-06-17,us_10y,4.39
2025-06-17,bond_gap,-1.23
2025-06-18,vn_10y,3.18
2025-06-18,us_10y,4.38
2025-06-18,bond_gap,-1.2
2025-06-20,vn_10y,3.19
2025-06-20,us_10y,4.38
2025-06-20,bond_gap,-1.19
2025-06-23,vn_10y,3.2
2025-06-23,us_10y,4.34
2025-06-23,bond_gap,-1.14
2025-06-24,vn_10y,3.21
2025-06-24,us_10y,4.3
2025-06-24,bond_gap,-1.09
2025-06-25,vn_10y,3.2
2025-06-25,us_10y,4.29
2025-06-25,bond_gap,-1.09
2025-06-26,vn_10y,3.21
2025-06-26,us_10y,4.26
2025-06-26,bond_gap,-1.05
2025-06-27,vn_10y,3.21
2025-06-27,us_10y,4.29
2025-06-27,bond_gap,-1.08
2025-06-30,vn_10y,3.22
2025-06-30,us_10y,4.24
2025-06-30,bond_gap,-1.02
2025-07-01,vn_10y,3.22
2025-07-01,us_10y,4.26
2025-07-01,bond_gap,-1.04
2025-07-02,vn_10y,3.22
2025-07-02,us_10y,4.3
2025-07-02,bond_gap,-1.08
2025-07-03,vn_10y,3.22
2025-07-03,us_10y,4.35
2025-07-03,bond_gap,-1.13
2025-07-07,vn_10y,3.22
2025-07-07,us_10y,4.4
2025-07-07,bond_gap,-1.18
2025-07-08,vn_10y,3.23
2025-07-08,us_10y,4.42
2025-07-08,bond_gap,-1.19
2025-07-09,vn_10y,3.22
2025-07-09,us_10y,4.34
2025-07-09,bond_gap,-1.12
2025-07-10,vn_10y,3.22
2025-07-10,us_10y,4.35
2025-07-10,bond_gap,-1.13
2025-07-11,vn_10y,3.23
2025-07-11,us_10y,4.43
2025-07-11,bond_gap,-1.2
2025-07-14,vn_10y,3.23
2025-07-14,us_10y,4.43
2025-07-14,bond_gap,-1.2
2025-07-15,vn_10y,3.23
2025-07-15,us_10y,4.5
2025-07-15,bond_gap,-1.27
2025-07-16,vn_10y,3.24
2025-07-16,us_10y,4.46
2025-07-16,bond_gap,-1.22
2025-07-17,vn_10y,3.28
2025-07-17,us_10y,4.47
2025-07-17,bond_gap,-1.19
2025-07-18,vn_10y,3.28
2025-07-18,us_10y,4.44
2025-07-18,bond_gap,-1.16
2025-07-21,vn_10y,3.28
2025-07-21,us_10y,4.38
2025-07-21,bond_gap,-1.1
2025-07-22,vn_10y,3.29
2025-07-22,us_10y,4.35
2025-07-22,bond_gap,-1.06
2025-07-23,vn_10y,3.31
2025-07-23,us_10y,4.4
2025-07-23,bond_gap,-1.09
2025-07-24,vn_10y,3.32
2025-07-24,us_10y,4.43
2025-07-24,bond_gap,-1.11
2025-07-25,vn_10y,3.32
2025-07-25,us_10y,4.4
2025-07-25,bond_gap,-1.08
2025-07-28,vn_10y,3.31
2025-07-28,us_10y,4.42
2025-07-28,bond_gap,-1.11
2025-07-29,vn_10y,3.31
2025-07-29,us_10y,4.34
2025-07-29,bond_gap,-1.03
2025-07-30,vn_10y,3.32
2025-07-30,us_10y,4.38
2025-07-30,bond_gap,-1.06
2025-07-31,vn_10y,3.34
2025-07-31,us_10y,4.37
2025-07-31,bond_gap,-1.03
2025-08-01,vn_10y,3.34
2025-08-01,us_10y,4.23
2025-08-01,bond_gap,-0.89
2025-08-04,vn_10y,3.34
2025-08-04,us_10y,4.22
2025-08-04,bond_gap,-0.88
2025-08-05,vn_10y,3.34
2025-08-05,us_10y,4.22
2025-08-05,bond_gap,-0.88
2025-08-06,vn_10y,3.34
2025-08-06,us_10y,4.22
2025-08-06,bond_gap,-0.88
2025-08-07,vn_10y,3.37
2025-08-07,us_10y,4.23
2025-08-07,bond_gap,-0.86
2025-08-08,vn_10y,3.37
2025-08-08,us_10y,4.27
2025-08-08,bond_gap,-0.9
2025-08-11,vn_10y,3.37
2025-08-11,us_10y,4.27
2025-08-11,bond_gap,-0.9
2025-08-12,vn_10y,3.37
2025-08-12,us_10y,4.29
2025-08-12,bond_gap,-0.92
2025-08-13,vn_10y,3.38
2025-08-13,us_10y,4.24
2025-08-13,bond_gap,-0.86
2025-08-14,vn_10y,3.42
2025-08-14,us_10y,4.29
2025-08-14,bond_gap,-0.87
2025-08-15,vn_10y,3.43
2025-08-15,us_10y,4.33
2025-08-15,bond_gap,-0.9
2025-08-18,vn_10y,3.43
2025-08-18,us_10y,4.34
2025-08-18,bond_gap,-0.91
2025-08-19,vn_10y,3.43
2025-08-19,us_10y,4.3
2025-08-19,bond_gap,-0.87
2025-08-20,vn_10y,3.43
2025-08-20,us_10y,4.29
2025-08-20,bond_gap,-0.86
2025-08-21,vn_10y,3.49
2025-08-21,us_10y,4.33
2025-08-21,bond_gap,-0.84
2025-08-22,vn_10y,3.54
2025-08-22,us_10y,4.26
2025-08-22,bond_gap,-0.72
2025-08-25,vn_10y,3.54
2025-08-25,us_10y,4.28
2025-08-25,bond_gap,-0.74
2025-08-26,vn_10y,3.54
2025-08-26,us_10y,4.26
2025-08-26,bond_gap,-0.72
2025-08-27,vn_10y,3.54
2025-08-27,us_10y,4.24
2025-08-27,bond_gap,-0.7
2025-08-28,vn_10y,3.55
2025-08-28,us_10y,4.22
2025-08-28,bond_gap,-0.67
2025-08-29,vn_10y,3.55
2025-08-29,us_10y,4.23
2025-08-29,bond_gap,-0.68
2025-09-03,vn_10y,3.55
2025-09-03,us_10y,4.22
2025-09-03,bond_gap,-0.67
2025-09-04,vn_10y,3.55
2025-09-04,us_10y,4.17
2025-09-04,bond_gap,-0.62
2025-09-05,vn_10y,3.54
2025-09-05,us_10y,4.1
2025-09-05,bond_gap,-0.56
2025-09-08,vn_10y,3.54
2025-09-08,us_10y,4.05
2025-09-08,bond_gap,-0.51
2025-09-09,vn_10y,3.54
2025-09-09,us_10y,4.08
2025-09-09,bond_gap,-0.54
2025-09-10,vn_10y,3.54
2025-09-10,us_10y,4.04
2025-09-10,bond_gap,-0.5
2025-09-11,vn_10y,3.56
2025-09-11,us_10y,4.01
2025-09-11,bond_gap,-0.45
2025-09-12,vn_10y,3.56
2025-09-12,us_10y,4.06
2025-09-12,bond_gap,-0.5
2025-09-15,vn_10y,3.56
2025-09-15,us_10y,4.05
2025-09-15,bond_gap,-0.49
2025-09-16,vn_10y,3.56
2025-09-16,us_10y,4.04
2025-09-16,bond_gap,-0.48
2025-09-17,vn_10y,3.56
2025-09-17,us_10y,4.06
2025-09-17,bond_gap,-0.5
2025-09-18,vn_10y,3.57
2025-09-18,us_10y,4.11
2025-09-18,bond_gap,-0.54
2025-09-19,vn_10y,3.57
2025-09-19,us_10y,4.14
2025-09-19,bond_gap,-0.57
2025-09-22,vn_10y,3.58
2025-09-22,us_10y,4.15
2025-09-22,bond_gap,-0.57
2025-09-23,vn_10y,3.58
2025-09-23,us_10y,4.12
2025-09-23,bond_gap,-0.54
2025-09-24,vn_10y,3.58
2025-09-24,us_10y,4.16
2025-09-24,bond_gap,-0.58
2025-09-25,vn_10y,3.62
2025-09-25,us_10y,4.18
2025-09-25,bond_gap,-0.56
2025-09-26,vn_10y,3.62
2025-09-26,us_10y,4.2
2025-09-26,bond_gap,-0.58
2025-09-29,vn_10y,3.62
2025-09-29,us_10y,4.15
2025-09-29,bond_gap,-0.53
2025-09-30,vn_10y,3.62
2025-09-30,us_10y,4.16
2025-09-30,bond_gap,-0.54
2025-10-01,vn_10y,3.63
2025-10-01,us_10y,4.12
2025-10-01,bond_gap,-0.49
2025-10-02,vn_10y,3.67
2025-10-02,us_10y,4.1
2025-10-02,bond_gap,-0.43
2025-10-03,vn_10y,3.66
2025-10-03,us_10y,4.13
2025-10-03,bond_gap,-0.47
2025-10-06,vn_10y,3.68
2025-10-06,us_10y,4.18
2025-10-06,bond_gap,-0.5
2025-10-07,vn_10y,3.67
2025-10-07,us_10y,4.14
2025-10-07,bond_gap,-0.47
2025-10-08,vn_10y,3.67
2025-10-08,us_10y,4.13
2025-10-08,bond_gap,-0.46
2025-10-09,vn_10y,3.71
2025-10-09,us_10y,4.14
2025-10-09,bond_gap,-0.43
2025-10-10,vn_10y,3.72
2025-10-10,us_10y,4.05
2025-10-10,bond_gap,-0.33
2025-10-14,vn_10y,3.73
2025-10-14,us_10y,4.03
2025-10-14,bond_gap,-0.3
2025-10-15,vn_10y,3.73
2025-10-15,us_10y,4.05
2025-10-15,bond_gap,-0.32
2025-10-16,vn_10y,3.75
2025-10-16,us_10y,3.99
2025-10-16,bond_gap,-0.24
2025-10-17,vn_10y,3.76
2025-10-17,us_10y,4.02
2025-10-17,bond_gap,-0.26
2025-10-20,vn_10y,3.76
2025-10-20,us_10y,4.0
2025-10-20,bond_gap,-0.24
2025-10-21,vn_10y,3.76
2025-10-21,us_10y,3.98
2025-10-21,bond_gap,-0.22
2025-10-22,vn_10y,3.77
2025-10-22,us_10y,3.97
2025-10-22,bond_gap,-0.2
2025-10-23,vn_10y,3.8
2025-10-23,us_10y,4.01
2025-10-23,bond_gap,-0.21
2025-10-24,vn_10y,3.79
2025-10-24,us_10y,4.02
2025-10-24,bond_gap,-0.23
2025-10-27,vn_10y,3.79
2025-10-27,us_10y,4.01
2025-10-27,bond_gap,-0.22
2025-10-28,vn_10y,3.79
2025-10-28,us_10y,3.99
2025-10-28,bond_gap,-0.2
2025-10-29,vn_10y,3.79
2025-10-29,us_10y,4.08
2025-10-29,bond_gap,-0.29
2025-10-30,vn_10y,3.81
2025-10-30,us_10y,4.11
2025-10-30,bond_gap,-0.3
2025-10-31,vn_10y,3.82
2025-10-31,us_10y,4.11
2025-10-31,bond_gap,-0.29
2025-11-03,vn_10y,3.82
2025-11-03,us_10y,4.13
2025-11-03,bond_gap,-0.31
2025-11-04,vn_10y,3.83
2025-11-04,us_10y,4.1
2025-11-04,bond_gap,-0.27
2025-11-05,vn_10y,3.83
2025-11-05,us_10y,4.17
2025-11-05,bond_gap,-0.34
2025-11-06,vn_10y,3.84
2025-11-06,us_10y,4.11
2025-11-06,bond_gap,-0.27
2025-11-07,vn_10y,3.84
2025-11-07,us_10y,4.11
2025-11-07,bond_gap,-0.27
2025-11-10,vn_10y,3.85
2025-11-10,us_10y,4.13
2025-11-10,bond_gap,-0.28
2025-11-12,vn_10y,3.85
2025-11-12,us_10y,4.08
2025-11-12,bond_gap,-0.23
2025-11-13,vn_10y,3.86
2025-11-13,us_10y,4.11
2025-11-13,bond_gap,-0.25
2025-11-14,vn_10y,3.86
2025-11-14,us_10y,4.14
2025-11-14,bond_gap,-0.28
2025-11-17,vn_10y,3.86
2025-11-17,us_10y,4.13
2025-11-17,bond_gap,-0.27
2025-11-18,vn_10y,3.86
2025-11-18,us_10y,4.12
2025-11-18,bond_gap,-0.26
2025-11-19,vn_10y,3.86
2025-11-19,us_10y,4.13
2025-11-19,bond_gap,-0.27
2025-11-20,vn_10y,3.88
2025-11-20,us_10y,4.1
2025-11-20,bond_gap,-0.22
2025-11-21,vn_10y,3.86
2025-11-21,us_10y,4.06
2025-11-21,bond_gap,-0.2
2025-11-24,vn_10y,3.88
2025-11-24,us_10y,4.04
2025-11-24,bond_gap,-0.16
2025-11-25,vn_10y,3.88
2025-11-25,us_10y,4.01
2025-11-25,bond_gap,-0.13
2025-11-26,vn_10y,3.87
2025-11-26,us_10y,4.0
2025-11-26,bond_gap,-0.13
2025-11-27,vn_10y,3.9
2025-11-27,us_10y,4.0
2025-11-27,bond_gap,-0.1
2025-11-28,vn_10y,3.89
2025-11-28,us_10y,4.02
2025-11-28,bond_gap,-0.13
2025-12-01,vn_10y,3.91
2025-12-01,us_10y,4.09
2025-12-01,bond_gap,-0.18
2025-12-02,vn_10y,3.93
2025-12-02,us_10y,4.09
2025-12-02,bond_gap,-0.16
2025-12-03,vn_10y,3.95
2025-12-03,us_10y,4.06
2025-12-03,bond_gap,-0.11
2025-12-04,vn_10y,3.94
2025-12-04,us_10y,4.11
2025-12-04,bond_gap,-0.17
2025-12-05,vn_10y,3.95
2025-12-05,us_10y,4.14
2025-12-05,bond_gap,-0.19
2025-12-08,vn_10y,3.96
2025-12-08,us_10y,4.17
2025-12-08,bond_gap,-0.21
2025-12-09,vn_10y,3.96
2025-12-09,us_10y,4.18
2025-12-09,bond_gap,-0.22
2025-12-10,vn_10y,3.96
2025-12-10,us_10y,4.13
2025-12-10,bond_gap,-0.17
2025-12-11,vn_10y,3.98
2025-12-11,us_10y,4.14
2025-12-11,bond_gap,-0.16
2025-12-12,vn_10y,3.98
2025-12-12,us_10y,4.19
2025-12-12,bond_gap,-0.21
2025-12-15,vn_10y,3.98
2025-12-15,us_10y,4.18
2025-12-15,bond_gap,-0.2
2025-12-16,vn_10y,3.99
2025-12-16,us_10y,4.15
2025-12-16,bond_gap,-0.16
2025-12-17,vn_10y,3.99
2025-12-17,us_10y,4.16
2025-12-17,bond_gap,-0.17
2025-12-18,vn_10y,4.0
2025-12-18,us_10y,4.12
2025-12-18,bond_gap,-0.12
2025-12-19,vn_10y,4.01
2025-12-19,us_10y,4.16
2025-12-19,bond_gap,-0.15
2025-12-22,vn_10y,4.01
2025-12-22,us_10y,4.17
2025-12-22,bond_gap,-0.16
2025-12-23,vn_10y,4.01
2025-12-23,us_10y,4.18
2025-12-23,bond_gap,-0.17
2025-12-24,vn_10y,4.01
2025-12-24,us_10y,4.15
2025-12-24,bond_gap,-0.14
2025-12-26,vn_10y,4.03
2025-12-26,us_10y,4.14
2025-12-26,bond_gap,-0.11
2025-12-29,vn_10y,4.04
2025-12-29,us_10y,4.12
2025-12-29,bond_gap,-0.08
2025-12-30,vn_10y,4.04
2025-12-30,us_10y,4.14
2025-12-30,bond_gap,-0.1
2025-12-31,vn_10y,4.04
2025-12-31,us_10y,4.18
2025-12-31,bond_gap,-0.14
2026-01-06,vn_10y,4.05
2026-01-06,us_10y,4.18
2026-01-06,bond_gap,-0.13
2026-01-07,vn_10y,4.09
2026-01-07,us_10y,4.15
2026-01-07,bond_gap,-0.06
2026-01-08,vn_10y,4.17
2026-01-08,us_10y,4.19
2026-01-08,bond_gap,-0.02
2026-01-09,vn_10y,4.15
2026-01-09,us_10y,4.18
2026-01-09,bond_gap,-0.03
2026-01-12,vn_10y,4.15
2026-01-12,us_10y,4.19
2026-01-12,bond_gap,-0.04
2026-01-13,vn_10y,4.14
2026-01-13,us_10y,4.18
2026-01-13,bond_gap,-0.04
2026-01-14,vn_10y,4.14
2026-01-14,us_10y,4.15
2026-01-14,bond_gap,-0.01
2026-01-15,vn_10y,4.14
2026-01-15,us_10y,4.17
2026-01-15,bond_gap,-0.03
2026-01-16,vn_10y,4.14
2026-01-16,us_10y,4.24
2026-01-16,bond_gap,-0.1
2026-01-19,vn_10y,4.14
2026-01-19,us_10y,4.24
2026-01-19,bond_gap,-0.1
2026-01-20,vn_10y,4.06
2026-01-20,us_10y,4.3
2026-01-20,bond_gap,-0.24
2026-01-21,vn_10y,4.04
2026-01-21,us_10y,4.26
2026-01-21,bond_gap,-0.22
2026-01-22,vn_10y,4.06
2026-01-22,us_10y,4.26
2026-01-22,bond_gap,-0.2
2026-01-23,vn_10y,4.06
2026-01-23,us_10y,4.24
2026-01-23,bond_gap,-0.18
2026-01-26,vn_10y,4.06
2026-01-26,us_10y,4.22
2026-01-26,bond_gap,-0.16
2026-01-27,vn_10y,4.06
2026-01-27,us_10y,4.24
2026-01-27,bond_gap,-0.18
2026-01-28,vn_10y,4.06
2026-01-28,us_10y,4.26
2026-01-28,bond_gap,-0.2
2026-01-29,vn_10y,4.07
2026-01-29,us_10y,4.24
2026-01-29,bond_gap,-0.17
2026-01-30,vn_10y,4.06
2026-01-30,us_10y,4.26
2026-01-30,bond_gap,-0.2
2026-02-02,vn_10y,4.07
2026-02-02,us_10y,4.29
2026-02-02,bond_gap,-0.22
2026-02-03,vn_10y,4.07
2026-02-03,us_10y,4.28
2026-02-03,bond_gap,-0.21
2026-02-04,vn_10y,4.09
2026-02-04,us_10y,4.29
2026-02-04,bond_gap,-0.2
2026-02-05,vn_10y,4.09
2026-02-05,us_10y,4.21
2026-02-05,bond_gap,-0.12
2026-02-06,vn_10y,4.09
2026-02-06,us_10y,4.22
2026-02-06,bond_gap,-0.13
2026-02-09,vn_10y,4.11
2026-02-09,us_10y,4.22
2026-02-09,bond_gap,-0.11
2026-02-10,vn_10y,4.11
2026-02-10,us_10y,4.16
2026-02-10,bond_gap,-0.05
2026-02-11,vn_10y,4.11
2026-02-11,us_10y,4.18
2026-02-11,bond_gap,-0.07
2026-02-12,vn_10y,4.11
2026-02-12,us_10y,4.09
2026-02-12,bond_gap,0.02
2026-02-13,vn_10y,4.11
2026-02-13,us_10y,4.04
2026-02-13,bond_gap,0.07
2026-02-23,vn_10y,4.11
2026-02-23,us_10y,4.03
2026-02-23,bond_gap,0.08
2026-02-24,vn_10y,4.12
2026-02-24,us_10y,4.04
2026-02-24,bond_gap,0.08
2026-02-25,vn_10y,4.12
2026-02-25,us_10y,4.05
2026-02-25,bond_gap,0.07
2026-02-26,vn_10y,4.12
2026-02-26,us_10y,4.02
2026-02-26,bond_gap,0.1
2026-02-27,vn_10y,4.12
2026-02-27,us_10y,3.97
2026-02-27,bond_gap,0.15
2026-03-02,vn_10y,4.16
2026-03-02,us_10y,4.05
2026-03-02,bond_gap,0.11
2026-03-03,vn_10y,4.16
2026-03-03,us_10y,4.06
2026-03-03,bond_gap,0.1
2026-03-04,vn_10y,4.17
2026-03-04,us_10y,4.09
2026-03-04,bond_gap,0.08
2026-03-05,vn_10y,4.17
2026-03-05,us_10y,4.13
2026-03-05,bond_gap,0.04
2026-03-06,vn_10y,4.17
2026-03-06,us_10y,4.15
2026-03-06,bond_gap,0.02
2026-03-09,vn_10y,4.18
2026-03-09,us_10y,4.12
2026-03-09,bond_gap,0.06
2026-03-10,vn_10y,4.19
2026-03-10,us_10y,4.15
2026-03-10,bond_gap,0.04
2026-03-11,vn_10y,4.19
2026-03-11,us_10y,4.21
2026-03-11,bond_gap,-0.02
2026-03-12,vn_10y,4.2
2026-03-12,us_10y,4.27
2026-03-12,bond_gap,-0.07
2026-03-13,vn_10y,4.19
2026-03-13,us_10y,4.28
2026-03-13,bond_gap,-0.09
2026-03-16,vn_10y,4.2
2026-03-16,us_10y,4.23
2026-03-16,bond_gap,-0.03
2026-03-17,vn_10y,4.2
2026-03-17,us_10y,4.2
2026-03-17,bond_gap,0.0
2026-03-18,vn_10y,4.2
2026-03-18,us_10y,4.26
2026-03-18,bond_gap,-0.06
2026-03-19,vn_10y,4.2
2026-03-19,us_10y,4.25
2026-03-19,bond_gap,-0.05
2026-03-20,vn_10y,4.2
2026-03-20,us_10y,4.39
2026-03-20,bond_gap,-0.19
2026-03-23,vn_10y,4.2
2026-03-23,us_10y,4.34
2026-03-23,bond_gap,-0.14
2026-03-24,vn_10y,4.21
2026-03-24,us_10y,4.39
2026-03-24,bond_gap,-0.18
2026-03-25,vn_10y,4.2
2026-03-25,us_10y,4.33
2026-03-25,bond_gap,-0.13
2026-03-26,vn_10y,4.2
2026-03-26,us_10y,4.42
2026-03-26,bond_gap,-0.22
2026-03-27,vn_10y,4.21
2026-03-27,us_10y,4.44
2026-03-27,bond_gap,-0.23
2026-03-30,vn_10y,4.21
2026-03-30,us_10y,4.35
2026-03-30,bond_gap,-0.14
2026-03-31,vn_10y,4.21
2026-03-31,us_10y,4.3
2026-03-31,bond_gap,-0.09
2026-04-01,vn_10y,4.22
2026-04-01,us_10y,4.33
2026-04-01,bond_gap,-0.11
2026-04-02,vn_10y,4.21
2026-04-02,us_10y,4.31
2026-04-02,bond_gap,-0.1
2026-04-03,vn_10y,4.22
2026-04-03,us_10y,4.35
2026-04-03,bond_gap,-0.13
2026-04-06,vn_10y,4.22
2026-04-06,us_10y,4.34
2026-04-06,bond_gap,-0.12
2026-04-07,vn_10y,4.22
2026-04-07,us_10y,4.33
2026-04-07,bond_gap,-0.11
2026-04-08,vn_10y,4.23
2026-04-08,us_10y,4.29
2026-04-08,bond_gap,-0.06
2026-04-09,vn_10y,4.23
2026-04-09,us_10y,4.29
2026-04-09,bond_gap,-0.06
2026-04-10,vn_10y,4.23
2026-04-10,us_10y,4.31
2026-04-10,bond_gap,-0.08
2026-04-13,vn_10y,4.23
2026-04-13,us_10y,4.3
2026-04-13,bond_gap,-0.07
2026-04-14,vn_10y,4.23
2026-04-14,us_10y,4.26
2026-04-14,bond_gap,-0.03
2026-04-15,vn_10y,4.22
2026-04-15,us_10y,4.29
2026-04-15,bond_gap,-0.07
2026-04-16,vn_10y,4.22
2026-04-16,us_10y,4.32
2026-04-16,bond_gap,-0.1
2026-04-17,vn_10y,4.23
2026-04-17,us_10y,4.26
2026-04-17,bond_gap,-0.03
2026-04-20,vn_10y,4.24
2026-04-20,us_10y,4.26
2026-04-20,bond_gap,-0.02
2026-04-21,vn_10y,4.24
2026-04-21,us_10y,4.3
2026-04-21,bond_gap,-0.06
2026-04-22,vn_10y,4.23
2026-04-22,us_10y,4.3
2026-04-22,bond_gap,-0.07
2026-04-23,vn_10y,4.23
2026-04-23,us_10y,4.34
2026-04-23,bond_gap,-0.11
2026-04-24,vn_10y,4.23
2026-04-24,us_10y,4.31
2026-04-24,bond_gap,-0.08
2026-04-28,vn_10y,4.23
2026-04-28,us_10y,4.36
2026-04-28,bond_gap,-0.13
2026-04-29,vn_10y,4.24
2026-04-29,us_10y,4.42
2026-04-29,bond_gap,-0.18
2026-05-04,vn_10y,4.23
2026-05-04,us_10y,4.45
2026-05-04,bond_gap,-0.22
2026-05-05,vn_10y,4.23
2026-05-05,us_10y,4.43
2026-05-05,bond_gap,-0.2
2026-05-06,vn_10y,4.24
2026-05-06,us_10y,4.36
2026-05-06,bond_gap,-0.12
2026-05-07,vn_10y,4.24
2026-05-07,us_10y,4.41
2026-05-07,bond_gap,-0.17
2026-05-08,vn_10y,4.24
2026-05-08,us_10y,4.38
2026-05-08,bond_gap,-0.14
2026-05-11,vn_10y,4.24
2026-05-11,us_10y,4.42
2026-05-11,bond_gap,-0.18
2026-05-12,vn_10y,4.24
2026-05-12,us_10y,4.46
2026-05-12,bond_gap,-0.22
2026-05-13,vn_10y,4.24
2026-05-13,us_10y,4.46
2026-05-13,bond_gap,-0.22
2026-05-14,vn_10y,4.24
2026-05-14,us_10y,4.47
2026-05-14,bond_gap,-0.23
2026-05-15,vn_10y,4.24
2026-05-15,us_10y,4.59
2026-05-15,bond_gap,-0.35
2026-05-18,vn_10y,4.24
2026-05-18,us_10y,4.61
2026-05-18,bond_gap,-0.37
2026-05-19,vn_10y,4.24
2026-05-19,us_10y,4.67
2026-05-19,bond_gap,-0.43
2026-05-20,vn_10y,4.24
2026-05-20,us_10y,4.57
2026-05-20,bond_gap,-0.33
2026-05-21,vn_10y,4.25
2026-05-21,us_10y,4.57
2026-05-21,bond_gap,-0.32
2026-05-22,vn_10y,4.25
2026-05-22,us_10y,4.56
2026-05-22,bond_gap,-0.31
2026-05-25,vn_10y,4.25
2026-05-25,us_10y,4.5
2026-05-25,bond_gap,-0.25
2026-05-26,vn_10y,4.25
2026-05-26,us_10y,4.5
2026-05-26,bond_gap,-0.25
2026-05-27,vn_10y,4.25
2026-05-27,us_10y,4.48
2026-05-27,bond_gap,-0.23
2026-05-28,vn_10y,4.33
2026-05-28,us_10y,4.45
2026-05-28,bond_gap,-0.12
2026-05-29,vn_10y,4.32
2026-05-29,us_10y,4.45
2026-05-29,bond_gap,-0.13
2026-06-01,vn_10y,4.33
2026-06-01,us_10y,4.47
2026-06-01,bond_gap,-0.14
2026-06-02,vn_10y,4.33
2026-06-02,us_10y,4.46
2026-06-02,bond_gap,-0.13
2026-06-03,vn_10y,4.33
2026-06-03,us_10y,4.49
2026-06-03,bond_gap,-0.16
2026-06-04,vn_10y,4.33
2026-06-04,us_10y,4.47
2026-06-04,bond_gap,-0.14
2026-06-05,vn_10y,4.33
2026-06-05,us_10y,4.55
2026-06-05,bond_gap,-0.22
2026-06-08,vn_10y,4.34
2026-06-08,us_10y,4.56
2026-06-08,bond_gap,-0.22
2026-06-09,vn_10y,4.34
2026-06-09,us_10y,4.53
2026-06-09,bond_gap,-0.19
2026-06-10,vn_10y,4.34
2026-06-10,us_10y,4.55
2026-06-10,bond_gap,-0.21
2026-06-11,vn_10y,4.35
2026-06-11,us_10y,4.45
2026-06-11,bond_gap,-0.1
2026-06-12,vn_10y,4.35
2026-06-12,us_10y,4.48
2026-06-12,bond_gap,-0.13
2026-06-15,vn_10y,4.35
2026-06-15,us_10y,4.47
2026-06-15,bond_gap,-0.12
2026-06-16,vn_10y,4.35
2026-06-16,us_10y,4.43
2026-06-16,bond_gap,-0.08
2026-06-17,vn_10y,4.35
2026-06-17,us_10y,4.49
2026-06-17,bond_gap,-0.14
2026-06-18,vn_10y,4.39
2026-06-18,us_10y,4.46
2026-06-18,bond_gap,-0.07
2026-06-22,vn_10y,4.4
2026-06-22,us_10y,4.51
2026-06-22,bond_gap,-0.11
2026-06-23,vn_10y,4.39
2026-06-23,us_10y,4.5
2026-06-23,bond_gap,-0.11
2026-06-24,vn_10y,4.4
2026-06-24,us_10y,4.41
2026-06-24,bond_gap,-0.01
2026-06-25,vn_10y,4.4
2026-06-25,us_10y,4.4
2026-06-25,bond_gap,0.0
2026-06-26,vn_10y,4.4
2026-06-26,us_10y,4.38
2026-06-26,bond_gap,0.02
2026-06-29,vn_10y,4.4
2026-06-29,us_10y,4.38
2026-06-29,bond_gap,0.02
2026-06-30,vn_10y,4.4
2026-06-30,us_10y,4.44
2026-06-30,bond_gap,-0.04
2026-07-01,vn_10y,4.4
2026-07-01,us_10y,4.48
2026-07-01,bond_gap,-0.08
2026-07-02,vn_10y,4.4
2026-07-02,us_10y,4.49
2026-07-02,bond_gap,-0.09
2026-07-06,vn_10y,4.4
2026-07-06,us_10y,4.48
2026-07-06,bond_gap,-0.08
2026-07-07,vn_10y,4.4
2026-07-07,us_10y,4.55
2026-07-07,bond_gap,-0.15
2026-07-23,vn_10y,4.4
2026-07-23,us_10y,4.703
2026-07-23,bond_gap,-0.303
2026-07-24,vn_10y,4.4
2026-07-24,us_10y,4.679
2026-07-24,bond_gap,-0.279
2026-07-27,vn_10y,4.4
2026-07-27,us_10y,4.641
2026-07-27,bond_gap,-0.241
2026-07-28,vn_10y,4.4
2026-07-28,us_10y,4.604
2026-07-28,bond_gap,-0.204
2026-07-29,vn_10y,4.4
2026-07-29,us_10y,4.622
2026-07-29,bond_gap,-0.222
2026-07-30,vn_10y,4.4
2026-07-30,us_10y,4.663
2026-07-30,bond_gap,-0.263
2026-08-03,vn_10y,4.4
2026-08-03,us_10y,4.686
2026-08-03,bond_gap,-0.286
2026-08-04,vn_10y,4.4
2026-08-04,us_10y,4.627
2026-08-04,bond_gap,-0.227
2026-08-05,vn_10y,4.4
2026-08-05,us_10y,4.617
2026-08-05,bond_gap,-0.217
2026-08-06,vn_10y,4.4
2026-08-06,us_10y,4.67
2026-08-06,bond_gap,-0.27
2026-08-07,vn_10y,4.4
2026-08-07,us_10y,4.66
2026-08-07,bond_gap,-0.26
2026-08-10,vn_10y,4.4
2026-08-10,us_10y,4.699
2026-08-10,bond_gap,-0.299
2026-08-11,vn_10y,4.4
2026-08-11,us_10y,4.684
2026-08-11,bond_gap,-0.284
2026-08-12,vn_10y,4.4
2026-08-12,us_10y,4.682
2026-08-12,bond_gap,-0.282
