date,series_key,label,value,unit,category,as_of,source_url,crawled_at
2026-07-04,credit_yoy,Tăng trưởng tín dụng (YoY),18.2467,%,tang_truong,Tháng 04/2026,https://data.vietnambiz.vn/currency-interest-rate,2026-07-04T11:58:35
2026-07-04,dep_12m,Lãi suất huy động 12 tháng nhóm NHTM lớn,5.9125,%/năm,huy_dong,Ngày 03/07/2026,https://data.vietnambiz.vn/currency-interest-rate,2026-07-04T11:58:35
2026-07-04,dep_1_3m,Lãi suất huy động 1-3 tháng nhóm NHTM lớn,4.1875,%/năm,huy_dong,Ngày 03/07/2026,https://data.vietnambiz.vn/currency-interest-rate,2026-07-04T11:58:35
2026-07-04,dep_6_9m,Lãi suất huy động 6-9 tháng nhóm NHTM lớn,5.2875,%/năm,huy_dong,Ngày 03/07/2026,https://data.vietnambiz.vn/currency-interest-rate,2026-07-04T11:58:35
2026-07-04,deposit_yoy,Tăng trưởng huy động (YoY),10.7559,%,tang_truong,Tháng 04/2026,https://data.vietnambiz.vn/currency-interest-rate,2026-07-04T11:58:35
2026-07-04,discount_rate,Lãi suất chiết khấu,3.0,%/năm,dieu_hanh,Ngày 03/02/2025,https://data.vietnambiz.vn/currency-interest-rate,2026-07-04T11:58:35
2026-07-04,fx_bank_sell,Tỷ giá USD NHTM bán ra,26463.0,VND/USD,ty_gia,Ngày 03/07/2026,https://data.vietnambiz.vn/currency-interest-rate,2026-07-04T11:58:35
2026-07-04,fx_central,Tỷ giá trung tâm,25203.0,VND/USD,ty_gia,Ngày 03/07/2026,https://data.vietnambiz.vn/currency-interest-rate,2026-07-04T11:58:35
2026-07-04,fx_free_sell,Tỷ giá USD tự do bán ra,26610.0,VND/USD,ty_gia,Ngày 03/07/2026,https://data.vietnambiz.vn/currency-interest-rate,2026-07-04T11:58:35
2026-07-04,fx_reserves,Dự trữ ngoại hối (Triệu USD),82565.32,Triệu USD,khac,Tháng 01/2026,https://data.vietnambiz.vn/currency-interest-rate,2026-07-04T11:58:35
2026-07-04,interbank_on,Lãi suất liên ngân hàng _ON,6.62,%/năm,lien_nh,Ngày 02/07/2026,https://data.vietnambiz.vn/currency-interest-rate,2026-07-04T11:58:35
2026-07-04,m2_yoy,Tăng trưởng cung tiền M2 (YoY),5.8594,%,tang_truong,Tháng 04/2026,https://data.vietnambiz.vn/currency-interest-rate,2026-07-04T11:58:35
2026-07-04,omo_rate,Lãi suất OMO,4.5,%/năm,dieu_hanh,Ngày 03/07/2026,https://data.vietnambiz.vn/currency-interest-rate,2026-07-04T11:58:35
2026-07-04,refi_rate,Lãi suất tái cấp vốn,4.5,%/năm,dieu_hanh,Ngày 03/02/2025,https://data.vietnambiz.vn/currency-interest-rate,2026-07-04T11:58:35
2026-07-04,tin_phieu_rate,Lãi suất tín phiếu,3.4,%/năm,dieu_hanh,Ngày 16/07/2025,https://data.vietnambiz.vn/currency-interest-rate,2026-07-04T11:58:35
2026-07-14,credit_yoy,Tăng trưởng tín dụng (YoY),18.2318,%,tang_truong,Tháng 05/2026,https://data.vietnambiz.vn/currency-interest-rate,
2026-07-14,dep_12m,Lãi suất huy động 12 tháng nhóm NHTM lớn,5.9125,%/năm,huy_dong,Ngày 14/07/2026,https://data.vietnambiz.vn/currency-interest-rate,
2026-07-14,dep_1_3m,Lãi suất huy động 1-3 tháng nhóm NHTM lớn,4.1875,%/năm,huy_dong,Ngày 14/07/2026,https://data.vietnambiz.vn/currency-interest-rate,
2026-07-14,dep_6_9m,Lãi suất huy động 6-9 tháng nhóm NHTM lớn,5.2875,%/năm,huy_dong,Ngày 14/07/2026,https://data.vietnambiz.vn/currency-interest-rate,
2026-07-14,deposit_yoy,Tăng trưởng huy động (YoY),10.7559,%,tang_truong,Tháng 04/2026,https://data.vietnambiz.vn/currency-interest-rate,
2026-07-14,discount_rate,Lãi suất chiết khấu,3.0,%/năm,dieu_hanh,Ngày 03/02/2025,https://data.vietnambiz.vn/currency-interest-rate,
2026-07-14,fx_bank_sell,Tỷ giá USD NHTM bán ra,26450.0,VND/USD,ty_gia,Ngày 14/07/2026,https://data.vietnambiz.vn/currency-interest-rate,
2026-07-14,fx_central,Tỷ giá trung tâm,25225.0,VND/USD,ty_gia,Ngày 14/07/2026,https://data.vietnambiz.vn/currency-interest-rate,
2026-07-14,fx_free_sell,Tỷ giá USD tự do bán ra,26450.0,VND/USD,ty_gia,Ngày 14/07/2026,https://data.vietnambiz.vn/currency-interest-rate,
2026-07-14,interbank_1m,Lãi suất liên ngân hàng _1M,6.5,%/năm,lien_nh,10/07/2026,https://data.vietnambiz.vn/currency-interest-rate,
2026-07-14,interbank_1w,Lãi suất liên ngân hàng _1W,4.92,%/năm,lien_nh,10/07/2026,https://data.vietnambiz.vn/currency-interest-rate,
2026-07-14,interbank_2w,Lãi suất liên ngân hàng _2W,5.5,%/năm,lien_nh,10/07/2026,https://data.vietnambiz.vn/currency-interest-rate,
2026-07-14,interbank_3m,Lãi suất liên ngân hàng _3M,7.18,%/năm,lien_nh,10/07/2026,https://data.vietnambiz.vn/currency-interest-rate,
2026-07-14,interbank_on,Lãi suất liên ngân hàng _ON,4.28,%/năm,lien_nh,10/07/2026,https://data.vietnambiz.vn/currency-interest-rate,
2026-07-14,m2_yoy,Tăng trưởng cung tiền M2 (YoY),5.8594,%,tang_truong,Tháng 04/2026,https://data.vietnambiz.vn/currency-interest-rate,
2026-07-14,omo_rate,Lãi suất OMO,4.5,%/năm,dieu_hanh,Ngày 14/07/2026,https://data.vietnambiz.vn/currency-interest-rate,
2026-07-14,refi_rate,Lãi suất tái cấp vốn,4.5,%/năm,dieu_hanh,Ngày 03/02/2025,https://data.vietnambiz.vn/currency-interest-rate,
2026-07-14,tin_phieu_rate,Lãi suất tín phiếu,3.4,%/năm,dieu_hanh,Ngày 16/07/2025,https://data.vietnambiz.vn/currency-interest-rate,
2026-07-15,credit_yoy,Tăng trưởng tín dụng (YoY),18.2318,%,tang_truong,Tháng 05/2026,https://data.vietnambiz.vn/currency-interest-rate,
2026-07-15,dep_12m,Lãi suất huy động 12 tháng nhóm NHTM lớn,5.9125,%/năm,huy_dong,Ngày 15/07/2026,https://data.vietnambiz.vn/currency-interest-rate,
2026-07-15,dep_1_3m,Lãi suất huy động 1-3 tháng nhóm NHTM lớn,4.1875,%/năm,huy_dong,Ngày 15/07/2026,https://data.vietnambiz.vn/currency-interest-rate,
2026-07-15,dep_6_9m,Lãi suất huy động 6-9 tháng nhóm NHTM lớn,5.2875,%/năm,huy_dong,Ngày 15/07/2026,https://data.vietnambiz.vn/currency-interest-rate,
2026-07-15,deposit_yoy,Tăng trưởng huy động (YoY),10.7559,%,tang_truong,Tháng 04/2026,https://data.vietnambiz.vn/currency-interest-rate,
2026-07-15,discount_rate,Lãi suất chiết khấu,3.0,%/năm,dieu_hanh,Ngày 03/02/2025,https://data.vietnambiz.vn/currency-interest-rate,
2026-07-15,fx_bank_sell,Tỷ giá USD NHTM bán ra,26450.0,VND/USD,ty_gia,Ngày 15/07/2026,https://data.vietnambiz.vn/currency-interest-rate,
2026-07-15,fx_central,Tỷ giá trung tâm,25233.0,VND/USD,ty_gia,Ngày 15/07/2026,https://data.vietnambiz.vn/currency-interest-rate,
2026-07-15,fx_free_sell,Tỷ giá USD tự do bán ra,26420.0,VND/USD,ty_gia,Ngày 15/07/2026,https://data.vietnambiz.vn/currency-interest-rate,
2026-07-15,interbank_1m,Lãi suất liên ngân hàng _1M,7.16,%/năm,lien_nh,13/07/2026,https://data.vietnambiz.vn/currency-interest-rate,
2026-07-15,interbank_1w,Lãi suất liên ngân hàng _1W,4.39,%/năm,lien_nh,13/07/2026,https://data.vietnambiz.vn/currency-interest-rate,
2026-07-15,interbank_2w,Lãi suất liên ngân hàng _2W,5.52,%/năm,lien_nh,13/07/2026,https://data.vietnambiz.vn/currency-interest-rate,
2026-07-15,interbank_3m,Lãi suất liên ngân hàng _3M,7.97,%/năm,lien_nh,13/07/2026,https://data.vietnambiz.vn/currency-interest-rate,
2026-07-15,interbank_on,Lãi suất liên ngân hàng _ON,4.19,%/năm,lien_nh,13/07/2026,https://data.vietnambiz.vn/currency-interest-rate,
2026-07-15,m2_yoy,Tăng trưởng cung tiền M2 (YoY),5.8594,%,tang_truong,Tháng 04/2026,https://data.vietnambiz.vn/currency-interest-rate,
2026-07-15,omo_rate,Lãi suất OMO,4.5,%/năm,dieu_hanh,Ngày 15/07/2026,https://data.vietnambiz.vn/currency-interest-rate,
2026-07-15,refi_rate,Lãi suất tái cấp vốn,4.5,%/năm,dieu_hanh,Ngày 03/02/2025,https://data.vietnambiz.vn/currency-interest-rate,
2026-07-15,tin_phieu_rate,Lãi suất tín phiếu,3.4,%/năm,dieu_hanh,Ngày 16/07/2025,https://data.vietnambiz.vn/currency-interest-rate,
2026-07-16,credit_yoy,Tăng trưởng tín dụng (YoY),18.2318,%,tang_truong,Tháng 05/2026,https://data.vietnambiz.vn/currency-interest-rate,
2026-07-16,dep_12m,Lãi suất huy động 12 tháng nhóm NHTM lớn,5.9125,%/năm,huy_dong,Ngày 15/07/2026,https://data.vietnambiz.vn/currency-interest-rate,
2026-07-16,dep_1_3m,Lãi suất huy động 1-3 tháng nhóm NHTM lớn,4.1875,%/năm,huy_dong,Ngày 15/07/2026,https://data.vietnambiz.vn/currency-interest-rate,
2026-07-16,dep_6_9m,Lãi suất huy động 6-9 tháng nhóm NHTM lớn,5.2875,%/năm,huy_dong,Ngày 15/07/2026,https://data.vietnambiz.vn/currency-interest-rate,
2026-07-16,deposit_yoy,Tăng trưởng huy động (YoY),10.7559,%,tang_truong,Tháng 04/2026,https://data.vietnambiz.vn/currency-interest-rate,
2026-07-16,discount_rate,Lãi suất chiết khấu,3.0,%/năm,dieu_hanh,Ngày 03/02/2025,https://data.vietnambiz.vn/currency-interest-rate,
2026-07-16,fx_bank_sell,Tỷ giá USD NHTM bán ra,26450.0,VND/USD,ty_gia,Ngày 16/07/2026,https://data.vietnambiz.vn/currency-interest-rate,
2026-07-16,fx_central,Tỷ giá trung tâm,25243.0,VND/USD,ty_gia,Ngày 16/07/2026,https://data.vietnambiz.vn/currency-interest-rate,
2026-07-16,fx_free_sell,Tỷ giá USD tự do bán ra,26420.0,VND/USD,ty_gia,Ngày 16/07/2026,https://data.vietnambiz.vn/currency-interest-rate,
2026-07-16,interbank_1m,Lãi suất liên ngân hàng _1M,7.16,%/năm,lien_nh,13/07/2026,https://data.vietnambiz.vn/currency-interest-rate,
2026-07-16,interbank_1w,Lãi suất liên ngân hàng _1W,4.39,%/năm,lien_nh,13/07/2026,https://data.vietnambiz.vn/currency-interest-rate,
2026-07-16,interbank_2w,Lãi suất liên ngân hàng _2W,5.52,%/năm,lien_nh,13/07/2026,https://data.vietnambiz.vn/currency-interest-rate,
2026-07-16,interbank_3m,Lãi suất liên ngân hàng _3M,7.97,%/năm,lien_nh,13/07/2026,https://data.vietnambiz.vn/currency-interest-rate,
2026-07-16,interbank_on,Lãi suất liên ngân hàng _ON,4.19,%/năm,lien_nh,13/07/2026,https://data.vietnambiz.vn/currency-interest-rate,
2026-07-16,m2_yoy,Tăng trưởng cung tiền M2 (YoY),5.8594,%,tang_truong,Tháng 04/2026,https://data.vietnambiz.vn/currency-interest-rate,
2026-07-16,omo_rate,Lãi suất OMO,4.5,%/năm,dieu_hanh,Ngày 15/07/2026,https://data.vietnambiz.vn/currency-interest-rate,
2026-07-16,refi_rate,Lãi suất tái cấp vốn,4.5,%/năm,dieu_hanh,Ngày 03/02/2025,https://data.vietnambiz.vn/currency-interest-rate,
2026-07-16,tin_phieu_rate,Lãi suất tín phiếu,3.4,%/năm,dieu_hanh,Ngày 16/07/2025,https://data.vietnambiz.vn/currency-interest-rate,
2026-07-17,credit_yoy,Tăng trưởng tín dụng (YoY),18.2318,%,tang_truong,Tháng 05/2026,https://data.vietnambiz.vn/currency-interest-rate,
2026-07-17,dep_12m,Lãi suất huy động 12 tháng nhóm NHTM lớn,5.9125,%/năm,huy_dong,Ngày 17/07/2026,https://data.vietnambiz.vn/currency-interest-rate,
2026-07-17,dep_1_3m,Lãi suất huy động 1-3 tháng nhóm NHTM lớn,4.1875,%/năm,huy_dong,Ngày 17/07/2026,https://data.vietnambiz.vn/currency-interest-rate,
2026-07-17,dep_6_9m,Lãi suất huy động 6-9 tháng nhóm NHTM lớn,5.2875,%/năm,huy_dong,Ngày 17/07/2026,https://data.vietnambiz.vn/currency-interest-rate,
2026-07-17,deposit_yoy,Tăng trưởng huy động (YoY),10.7559,%,tang_truong,Tháng 04/2026,https://data.vietnambiz.vn/currency-interest-rate,
2026-07-17,discount_rate,Lãi suất chiết khấu,3.0,%/năm,dieu_hanh,Ngày 03/02/2025,https://data.vietnambiz.vn/currency-interest-rate,
2026-07-17,fx_bank_sell,Tỷ giá USD NHTM bán ra,26440.0,VND/USD,ty_gia,Ngày 17/07/2026,https://data.vietnambiz.vn/currency-interest-rate,
2026-07-17,fx_central,Tỷ giá trung tâm,25254.0,VND/USD,ty_gia,Ngày 17/07/2026,https://data.vietnambiz.vn/currency-interest-rate,
2026-07-17,fx_free_sell,Tỷ giá USD tự do bán ra,26420.0,VND/USD,ty_gia,Ngày 17/07/2026,https://data.vietnambiz.vn/currency-interest-rate,
2026-07-17,interbank_1m,Lãi suất liên ngân hàng _1M,7.17,%/năm,lien_nh,15/07/2026,https://data.vietnambiz.vn/currency-interest-rate,
2026-07-17,interbank_1w,Lãi suất liên ngân hàng _1W,4.74,%/năm,lien_nh,15/07/2026,https://data.vietnambiz.vn/currency-interest-rate,
2026-07-17,interbank_2w,Lãi suất liên ngân hàng _2W,6.02,%/năm,lien_nh,15/07/2026,https://data.vietnambiz.vn/currency-interest-rate,
2026-07-17,interbank_3m,Lãi suất liên ngân hàng _3M,8.11,%/năm,lien_nh,15/07/2026,https://data.vietnambiz.vn/currency-interest-rate,
2026-07-17,interbank_on,Lãi suất liên ngân hàng _ON,4.16,%/năm,lien_nh,15/07/2026,https://data.vietnambiz.vn/currency-interest-rate,
2026-07-17,m2_yoy,Tăng trưởng cung tiền M2 (YoY),5.8594,%,tang_truong,Tháng 04/2026,https://data.vietnambiz.vn/currency-interest-rate,
2026-07-17,omo_rate,Lãi suất OMO,4.5,%/năm,dieu_hanh,Ngày 16/07/2026,https://data.vietnambiz.vn/currency-interest-rate,
2026-07-17,refi_rate,Lãi suất tái cấp vốn,4.5,%/năm,dieu_hanh,Ngày 03/02/2025,https://data.vietnambiz.vn/currency-interest-rate,
2026-07-17,tin_phieu_rate,Lãi suất tín phiếu,3.4,%/năm,dieu_hanh,Ngày 16/07/2025,https://data.vietnambiz.vn/currency-interest-rate,
2026-07-18,credit_yoy,Tăng trưởng tín dụng (YoY),18.2318,%,tang_truong,Tháng 05/2026,https://data.vietnambiz.vn/currency-interest-rate,
2026-07-18,dep_12m,Lãi suất huy động 12 tháng nhóm NHTM lớn,5.9125,%/năm,huy_dong,Ngày 17/07/2026,https://data.vietnambiz.vn/currency-interest-rate,
2026-07-18,dep_1_3m,Lãi suất huy động 1-3 tháng nhóm NHTM lớn,4.1875,%/năm,huy_dong,Ngày 17/07/2026,https://data.vietnambiz.vn/currency-interest-rate,
2026-07-18,dep_6_9m,Lãi suất huy động 6-9 tháng nhóm NHTM lớn,5.2875,%/năm,huy_dong,Ngày 17/07/2026,https://data.vietnambiz.vn/currency-interest-rate,
2026-07-18,deposit_yoy,Tăng trưởng huy động (YoY),10.7559,%,tang_truong,Tháng 04/2026,https://data.vietnambiz.vn/currency-interest-rate,
2026-07-18,discount_rate,Lãi suất chiết khấu,3.0,%/năm,dieu_hanh,Ngày 03/02/2025,https://data.vietnambiz.vn/currency-interest-rate,
2026-07-18,fx_bank_sell,Tỷ giá USD NHTM bán ra,26490.0,VND/USD,ty_gia,Ngày 17/07/2026,https://data.vietnambiz.vn/currency-interest-rate,
2026-07-18,fx_central,Tỷ giá trung tâm,25254.0,VND/USD,ty_gia,Ngày 17/07/2026,https://data.vietnambiz.vn/currency-interest-rate,
2026-07-18,fx_free_sell,Tỷ giá USD tự do bán ra,26420.0,VND/USD,ty_gia,Ngày 17/07/2026,https://data.vietnambiz.vn/currency-interest-rate,
2026-07-18,interbank_1m,Lãi suất liên ngân hàng _1M,7.27,%/năm,lien_nh,16/07/2026,https://data.vietnambiz.vn/currency-interest-rate,
2026-07-18,interbank_1w,Lãi suất liên ngân hàng _1W,4.69,%/năm,lien_nh,16/07/2026,https://data.vietnambiz.vn/currency-interest-rate,
2026-07-18,interbank_2w,Lãi suất liên ngân hàng _2W,5.59,%/năm,lien_nh,16/07/2026,https://data.vietnambiz.vn/currency-interest-rate,
2026-07-18,interbank_3m,Lãi suất liên ngân hàng _3M,8.03,%/năm,lien_nh,16/07/2026,https://data.vietnambiz.vn/currency-interest-rate,
2026-07-18,interbank_on,Lãi suất liên ngân hàng _ON,4.11,%/năm,lien_nh,16/07/2026,https://data.vietnambiz.vn/currency-interest-rate,
2026-07-18,m2_yoy,Tăng trưởng cung tiền M2 (YoY),5.8594,%,tang_truong,Tháng 04/2026,https://data.vietnambiz.vn/currency-interest-rate,
2026-07-18,omo_rate,Lãi suất OMO,4.5,%/năm,dieu_hanh,Ngày 17/07/2026,https://data.vietnambiz.vn/currency-interest-rate,
2026-07-18,refi_rate,Lãi suất tái cấp vốn,4.5,%/năm,dieu_hanh,Ngày 03/02/2025,https://data.vietnambiz.vn/currency-interest-rate,
2026-07-18,tin_phieu_rate,Lãi suất tín phiếu,3.4,%/năm,dieu_hanh,Ngày 16/07/2025,https://data.vietnambiz.vn/currency-interest-rate,
2026-07-19,credit_yoy,Tăng trưởng tín dụng (YoY),18.2318,%,tang_truong,Tháng 05/2026,https://data.vietnambiz.vn/currency-interest-rate,
2026-07-19,dep_12m,Lãi suất huy động 12 tháng nhóm NHTM lớn,5.9125,%/năm,huy_dong,Ngày 17/07/2026,https://data.vietnambiz.vn/currency-interest-rate,
2026-07-19,dep_1_3m,Lãi suất huy động 1-3 tháng nhóm NHTM lớn,4.1875,%/năm,huy_dong,Ngày 17/07/2026,https://data.vietnambiz.vn/currency-interest-rate,
2026-07-19,dep_6_9m,Lãi suất huy động 6-9 tháng nhóm NHTM lớn,5.2875,%/năm,huy_dong,Ngày 17/07/2026,https://data.vietnambiz.vn/currency-interest-rate,
2026-07-19,deposit_yoy,Tăng trưởng huy động (YoY),10.7559,%,tang_truong,Tháng 04/2026,https://data.vietnambiz.vn/currency-interest-rate,
2026-07-19,discount_rate,Lãi suất chiết khấu,3.0,%/năm,dieu_hanh,Ngày 03/02/2025,https://data.vietnambiz.vn/currency-interest-rate,
2026-07-19,fx_bank_sell,Tỷ giá USD NHTM bán ra,26490.0,VND/USD,ty_gia,Ngày 17/07/2026,https://data.vietnambiz.vn/currency-interest-rate,
2026-07-19,fx_central,Tỷ giá trung tâm,25254.0,VND/USD,ty_gia,Ngày 17/07/2026,https://data.vietnambiz.vn/currency-interest-rate,
2026-07-19,fx_free_sell,Tỷ giá USD tự do bán ra,26420.0,VND/USD,ty_gia,Ngày 17/07/2026,https://data.vietnambiz.vn/currency-interest-rate,
2026-07-19,interbank_1m,Lãi suất liên ngân hàng _1M,7.27,%/năm,lien_nh,16/07/2026,https://data.vietnambiz.vn/currency-interest-rate,
2026-07-19,interbank_1w,Lãi suất liên ngân hàng _1W,4.69,%/năm,lien_nh,16/07/2026,https://data.vietnambiz.vn/currency-interest-rate,
2026-07-19,interbank_2w,Lãi suất liên ngân hàng _2W,5.59,%/năm,lien_nh,16/07/2026,https://data.vietnambiz.vn/currency-interest-rate,
2026-07-19,interbank_3m,Lãi suất liên ngân hàng _3M,8.03,%/năm,lien_nh,16/07/2026,https://data.vietnambiz.vn/currency-interest-rate,
2026-07-19,interbank_on,Lãi suất liên ngân hàng _ON,4.11,%/năm,lien_nh,16/07/2026,https://data.vietnambiz.vn/currency-interest-rate,
2026-07-19,m2_yoy,Tăng trưởng cung tiền M2 (YoY),5.8594,%,tang_truong,Tháng 04/2026,https://data.vietnambiz.vn/currency-interest-rate,
2026-07-19,omo_rate,Lãi suất OMO,4.5,%/năm,dieu_hanh,Ngày 17/07/2026,https://data.vietnambiz.vn/currency-interest-rate,
2026-07-19,refi_rate,Lãi suất tái cấp vốn,4.5,%/năm,dieu_hanh,Ngày 03/02/2025,https://data.vietnambiz.vn/currency-interest-rate,
2026-07-19,tin_phieu_rate,Lãi suất tín phiếu,3.4,%/năm,dieu_hanh,Ngày 16/07/2025,https://data.vietnambiz.vn/currency-interest-rate,
2026-07-20,credit_yoy,Tăng trưởng tín dụng (YoY),18.2318,%,tang_truong,Tháng 05/2026,https://data.vietnambiz.vn/currency-interest-rate,
2026-07-20,dep_12m,Lãi suất huy động 12 tháng nhóm NHTM lớn,5.9125,%/năm,huy_dong,Ngày 20/07/2026,https://data.vietnambiz.vn/currency-interest-rate,
2026-07-20,dep_1_3m,Lãi suất huy động 1-3 tháng nhóm NHTM lớn,4.1875,%/năm,huy_dong,Ngày 20/07/2026,https://data.vietnambiz.vn/currency-interest-rate,
2026-07-20,dep_6_9m,Lãi suất huy động 6-9 tháng nhóm NHTM lớn,5.2875,%/năm,huy_dong,Ngày 20/07/2026,https://data.vietnambiz.vn/currency-interest-rate,
2026-07-20,deposit_yoy,Tăng trưởng huy động (YoY),10.7559,%,tang_truong,Tháng 04/2026,https://data.vietnambiz.vn/currency-interest-rate,
2026-07-20,discount_rate,Lãi suất chiết khấu,3.0,%/năm,dieu_hanh,Ngày 03/02/2025,https://data.vietnambiz.vn/currency-interest-rate,
2026-07-20,fx_bank_sell,Tỷ giá USD NHTM bán ra,26490.0,VND/USD,ty_gia,Ngày 20/07/2026,https://data.vietnambiz.vn/currency-interest-rate,
2026-07-20,fx_central,Tỷ giá trung tâm,25252.0,VND/USD,ty_gia,Ngày 20/07/2026,https://data.vietnambiz.vn/currency-interest-rate,
2026-07-20,fx_free_sell,Tỷ giá USD tự do bán ra,26550.0,VND/USD,ty_gia,Ngày 20/07/2026,https://data.vietnambiz.vn/currency-interest-rate,
2026-07-20,interbank_1m,Lãi suất liên ngân hàng _1M,7.27,%/năm,lien_nh,16/07/2026,https://data.vietnambiz.vn/currency-interest-rate,
2026-07-20,interbank_1w,Lãi suất liên ngân hàng _1W,4.69,%/năm,lien_nh,16/07/2026,https://data.vietnambiz.vn/currency-interest-rate,
2026-07-20,interbank_2w,Lãi suất liên ngân hàng _2W,5.59,%/năm,lien_nh,16/07/2026,https://data.vietnambiz.vn/currency-interest-rate,
2026-07-20,interbank_3m,Lãi suất liên ngân hàng _3M,8.03,%/năm,lien_nh,16/07/2026,https://data.vietnambiz.vn/currency-interest-rate,
2026-07-20,interbank_on,Lãi suất liên ngân hàng _ON,4.11,%/năm,lien_nh,16/07/2026,https://data.vietnambiz.vn/currency-interest-rate,
2026-07-20,m2_yoy,Tăng trưởng cung tiền M2 (YoY),5.8594,%,tang_truong,Tháng 04/2026,https://data.vietnambiz.vn/currency-interest-rate,
2026-07-20,omo_rate,Lãi suất OMO,4.5,%/năm,dieu_hanh,Ngày 20/07/2026,https://data.vietnambiz.vn/currency-interest-rate,
2026-07-20,refi_rate,Lãi suất tái cấp vốn,4.5,%/năm,dieu_hanh,Ngày 03/02/2025,https://data.vietnambiz.vn/currency-interest-rate,
2026-07-20,tin_phieu_rate,Lãi suất tín phiếu,3.4,%/năm,dieu_hanh,Ngày 16/07/2025,https://data.vietnambiz.vn/currency-interest-rate,
2026-07-21,credit_yoy,Tăng trưởng tín dụng (YoY),18.2318,%,tang_truong,Tháng 05/2026,https://data.vietnambiz.vn/currency-interest-rate,
2026-07-21,dep_12m,Lãi suất huy động 12 tháng nhóm NHTM lớn,5.9125,%/năm,huy_dong,Ngày 21/07/2026,https://data.vietnambiz.vn/currency-interest-rate,
2026-07-21,dep_1_3m,Lãi suất huy động 1-3 tháng nhóm NHTM lớn,4.1875,%/năm,huy_dong,Ngày 21/07/2026,https://data.vietnambiz.vn/currency-interest-rate,
2026-07-21,dep_6_9m,Lãi suất huy động 6-9 tháng nhóm NHTM lớn,5.2875,%/năm,huy_dong,Ngày 21/07/2026,https://data.vietnambiz.vn/currency-interest-rate,
2026-07-21,deposit_yoy,Tăng trưởng huy động (YoY),10.7559,%,tang_truong,Tháng 04/2026,https://data.vietnambiz.vn/currency-interest-rate,
2026-07-21,discount_rate,Lãi suất chiết khấu,3.0,%/năm,dieu_hanh,Ngày 03/02/2025,https://data.vietnambiz.vn/currency-interest-rate,
2026-07-21,fx_bank_sell,Tỷ giá USD NHTM bán ra,26510.0,VND/USD,ty_gia,Ngày 21/07/2026,https://data.vietnambiz.vn/currency-interest-rate,
2026-07-21,fx_central,Tỷ giá trung tâm,25260.0,VND/USD,ty_gia,Ngày 21/07/2026,https://data.vietnambiz.vn/currency-interest-rate,
2026-07-21,fx_free_sell,Tỷ giá USD tự do bán ra,26330.0,VND/USD,ty_gia,Ngày 21/07/2026,https://data.vietnambiz.vn/currency-interest-rate,
2026-07-21,interbank_1m,Lãi suất liên ngân hàng _1M,7.27,%/năm,lien_nh,16/07/2026,https://data.vietnambiz.vn/currency-interest-rate,
2026-07-21,interbank_1w,Lãi suất liên ngân hàng _1W,4.69,%/năm,lien_nh,16/07/2026,https://data.vietnambiz.vn/currency-interest-rate,
2026-07-21,interbank_2w,Lãi suất liên ngân hàng _2W,5.59,%/năm,lien_nh,16/07/2026,https://data.vietnambiz.vn/currency-interest-rate,
2026-07-21,interbank_3m,Lãi suất liên ngân hàng _3M,8.03,%/năm,lien_nh,16/07/2026,https://data.vietnambiz.vn/currency-interest-rate,
2026-07-21,interbank_on,Lãi suất liên ngân hàng _ON,4.11,%/năm,lien_nh,16/07/2026,https://data.vietnambiz.vn/currency-interest-rate,
2026-07-21,m2_yoy,Tăng trưởng cung tiền M2 (YoY),5.8594,%,tang_truong,Tháng 04/2026,https://data.vietnambiz.vn/currency-interest-rate,
2026-07-21,omo_rate,Lãi suất OMO,4.5,%/năm,dieu_hanh,Ngày 21/07/2026,https://data.vietnambiz.vn/currency-interest-rate,
2026-07-21,refi_rate,Lãi suất tái cấp vốn,4.5,%/năm,dieu_hanh,Ngày 03/02/2025,https://data.vietnambiz.vn/currency-interest-rate,
2026-07-21,tin_phieu_rate,Lãi suất tín phiếu,3.4,%/năm,dieu_hanh,Ngày 16/07/2025,https://data.vietnambiz.vn/currency-interest-rate,
2026-07-22,credit_yoy,Tăng trưởng tín dụng (YoY),18.2318,%,tang_truong,Tháng 05/2026,https://data.vietnambiz.vn/currency-interest-rate,
2026-07-22,dep_12m,Lãi suất huy động 12 tháng nhóm NHTM lớn,5.9125,%/năm,huy_dong,Ngày 22/07/2026,https://data.vietnambiz.vn/currency-interest-rate,
2026-07-22,dep_1_3m,Lãi suất huy động 1-3 tháng nhóm NHTM lớn,4.1875,%/năm,huy_dong,Ngày 22/07/2026,https://data.vietnambiz.vn/currency-interest-rate,
2026-07-22,dep_6_9m,Lãi suất huy động 6-9 tháng nhóm NHTM lớn,5.2875,%/năm,huy_dong,Ngày 22/07/2026,https://data.vietnambiz.vn/currency-interest-rate,
2026-07-22,deposit_yoy,Tăng trưởng huy động (YoY),10.7559,%,tang_truong,Tháng 04/2026,https://data.vietnambiz.vn/currency-interest-rate,
2026-07-22,discount_rate,Lãi suất chiết khấu,3.0,%/năm,dieu_hanh,Ngày 03/02/2025,https://data.vietnambiz.vn/currency-interest-rate,
2026-07-22,fx_bank_sell,Tỷ giá USD NHTM bán ra,26520.0,VND/USD,ty_gia,Ngày 22/07/2026,https://data.vietnambiz.vn/currency-interest-rate,
2026-07-22,fx_central,Tỷ giá trung tâm,25260.0,VND/USD,ty_gia,Ngày 22/07/2026,https://data.vietnambiz.vn/currency-interest-rate,
2026-07-22,fx_free_sell,Tỷ giá USD tự do bán ra,26330.0,VND/USD,ty_gia,Ngày 22/07/2026,https://data.vietnambiz.vn/currency-interest-rate,
2026-07-22,interbank_1m,Lãi suất liên ngân hàng _1M,6.3,%/năm,lien_nh,20/07/2026,https://data.vietnambiz.vn/currency-interest-rate,
2026-07-22,interbank_1w,Lãi suất liên ngân hàng _1W,4.41,%/năm,lien_nh,20/07/2026,https://data.vietnambiz.vn/currency-interest-rate,
2026-07-22,interbank_2w,Lãi suất liên ngân hàng _2W,5.14,%/năm,lien_nh,20/07/2026,https://data.vietnambiz.vn/currency-interest-rate,
2026-07-22,interbank_3m,Lãi suất liên ngân hàng _3M,7.83,%/năm,lien_nh,20/07/2026,https://data.vietnambiz.vn/currency-interest-rate,
2026-07-22,interbank_on,Lãi suất liên ngân hàng _ON,3.68,%/năm,lien_nh,20/07/2026,https://data.vietnambiz.vn/currency-interest-rate,
2026-07-22,m2_yoy,Tăng trưởng cung tiền M2 (YoY),5.8594,%,tang_truong,Tháng 04/2026,https://data.vietnambiz.vn/currency-interest-rate,
2026-07-22,omo_rate,Lãi suất OMO,4.5,%/năm,dieu_hanh,Ngày 21/07/2026,https://data.vietnambiz.vn/currency-interest-rate,
2026-07-22,refi_rate,Lãi suất tái cấp vốn,4.5,%/năm,dieu_hanh,Ngày 03/02/2025,https://data.vietnambiz.vn/currency-interest-rate,
2026-07-22,tin_phieu_rate,Lãi suất tín phiếu,3.4,%/năm,dieu_hanh,Ngày 16/07/2025,https://data.vietnambiz.vn/currency-interest-rate,
2026-07-23,credit_yoy,Tăng trưởng tín dụng (YoY),18.2318,%,tang_truong,Tháng 05/2026,https://data.vietnambiz.vn/currency-interest-rate,
2026-07-23,dep_12m,Lãi suất huy động 12 tháng nhóm NHTM lớn,5.9125,%/năm,huy_dong,Ngày 23/07/2026,https://data.vietnambiz.vn/currency-interest-rate,
2026-07-23,dep_1_3m,Lãi suất huy động 1-3 tháng nhóm NHTM lớn,4.1875,%/năm,huy_dong,Ngày 23/07/2026,https://data.vietnambiz.vn/currency-interest-rate,
2026-07-23,dep_6_9m,Lãi suất huy động 6-9 tháng nhóm NHTM lớn,5.2875,%/năm,huy_dong,Ngày 23/07/2026,https://data.vietnambiz.vn/currency-interest-rate,
2026-07-23,deposit_yoy,Tăng trưởng huy động (YoY),10.7567,%,tang_truong,Tháng 05/2026,https://data.vietnambiz.vn/currency-interest-rate,
2026-07-23,discount_rate,Lãi suất chiết khấu,3.0,%/năm,dieu_hanh,Ngày 03/02/2025,https://data.vietnambiz.vn/currency-interest-rate,
2026-07-23,fx_bank_sell,Tỷ giá USD NHTM bán ra,26500.0,VND/USD,ty_gia,Ngày 23/07/2026,https://data.vietnambiz.vn/currency-interest-rate,
2026-07-23,fx_central,Tỷ giá trung tâm,25272.0,VND/USD,ty_gia,Ngày 23/07/2026,https://data.vietnambiz.vn/currency-interest-rate,
2026-07-23,fx_free_sell,Tỷ giá USD tự do bán ra,26380.0,VND/USD,ty_gia,Ngày 23/07/2026,https://data.vietnambiz.vn/currency-interest-rate,
2026-07-23,interbank_1m,Lãi suất liên ngân hàng _1M,6.93,%/năm,lien_nh,21/07/2026,https://data.vietnambiz.vn/currency-interest-rate,
2026-07-23,interbank_1w,Lãi suất liên ngân hàng _1W,4.33,%/năm,lien_nh,21/07/2026,https://data.vietnambiz.vn/currency-interest-rate,
2026-07-23,interbank_2w,Lãi suất liên ngân hàng _2W,5.37,%/năm,lien_nh,21/07/2026,https://data.vietnambiz.vn/currency-interest-rate,
2026-07-23,interbank_3m,Lãi suất liên ngân hàng _3M,7.99,%/năm,lien_nh,21/07/2026,https://data.vietnambiz.vn/currency-interest-rate,
2026-07-23,interbank_on,Lãi suất liên ngân hàng _ON,3.54,%/năm,lien_nh,21/07/2026,https://data.vietnambiz.vn/currency-interest-rate,
2026-07-23,m2_yoy,Tăng trưởng cung tiền M2 (YoY),5.2803,%,tang_truong,Tháng 05/2026,https://data.vietnambiz.vn/currency-interest-rate,
2026-07-23,omo_rate,Lãi suất OMO,4.5,%/năm,dieu_hanh,Ngày 23/07/2026,https://data.vietnambiz.vn/currency-interest-rate,
2026-07-23,refi_rate,Lãi suất tái cấp vốn,4.5,%/năm,dieu_hanh,Ngày 03/02/2025,https://data.vietnambiz.vn/currency-interest-rate,
2026-07-23,tin_phieu_rate,Lãi suất tín phiếu,3.4,%/năm,dieu_hanh,Ngày 16/07/2025,https://data.vietnambiz.vn/currency-interest-rate,
2026-07-24,credit_yoy,Tăng trưởng tín dụng (YoY),18.2318,%,tang_truong,Tháng 05/2026,https://data.vietnambiz.vn/currency-interest-rate,
2026-07-24,dep_12m,Lãi suất huy động 12 tháng nhóm NHTM lớn,5.9125,%/năm,huy_dong,Ngày 23/07/2026,https://data.vietnambiz.vn/currency-interest-rate,
2026-07-24,dep_1_3m,Lãi suất huy động 1-3 tháng nhóm NHTM lớn,4.1875,%/năm,huy_dong,Ngày 23/07/2026,https://data.vietnambiz.vn/currency-interest-rate,
2026-07-24,dep_6_9m,Lãi suất huy động 6-9 tháng nhóm NHTM lớn,5.2875,%/năm,huy_dong,Ngày 23/07/2026,https://data.vietnambiz.vn/currency-interest-rate,
2026-07-24,deposit_yoy,Tăng trưởng huy động (YoY),10.7567,%,tang_truong,Tháng 05/2026,https://data.vietnambiz.vn/currency-interest-rate,
2026-07-24,discount_rate,Lãi suất chiết khấu,3.0,%/năm,dieu_hanh,Ngày 03/02/2025,https://data.vietnambiz.vn/currency-interest-rate,
2026-07-24,fx_bank_sell,Tỷ giá USD NHTM bán ra,26510.0,VND/USD,ty_gia,Ngày 24/07/2026,https://data.vietnambiz.vn/currency-interest-rate,
2026-07-24,fx_central,Tỷ giá trung tâm,25283.0,VND/USD,ty_gia,Ngày 24/07/2026,https://data.vietnambiz.vn/currency-interest-rate,
2026-07-24,fx_free_sell,Tỷ giá USD tự do bán ra,26360.0,VND/USD,ty_gia,Ngày 24/07/2026,https://data.vietnambiz.vn/currency-interest-rate,
2026-07-24,interbank_1m,Lãi suất liên ngân hàng _1M,6.93,%/năm,lien_nh,21/07/2026,https://data.vietnambiz.vn/currency-interest-rate,
2026-07-24,interbank_1w,Lãi suất liên ngân hàng _1W,4.33,%/năm,lien_nh,21/07/2026,https://data.vietnambiz.vn/currency-interest-rate,
2026-07-24,interbank_2w,Lãi suất liên ngân hàng _2W,5.37,%/năm,lien_nh,21/07/2026,https://data.vietnambiz.vn/currency-interest-rate,
2026-07-24,interbank_3m,Lãi suất liên ngân hàng _3M,7.99,%/năm,lien_nh,21/07/2026,https://data.vietnambiz.vn/currency-interest-rate,
2026-07-24,interbank_on,Lãi suất liên ngân hàng _ON,3.54,%/năm,lien_nh,21/07/2026,https://data.vietnambiz.vn/currency-interest-rate,
2026-07-24,m2_yoy,Tăng trưởng cung tiền M2 (YoY),5.2803,%,tang_truong,Tháng 05/2026,https://data.vietnambiz.vn/currency-interest-rate,
2026-07-24,omo_rate,Lãi suất OMO,4.5,%/năm,dieu_hanh,Ngày 23/07/2026,https://data.vietnambiz.vn/currency-interest-rate,
2026-07-24,refi_rate,Lãi suất tái cấp vốn,4.5,%/năm,dieu_hanh,Ngày 03/02/2025,https://data.vietnambiz.vn/currency-interest-rate,
2026-07-24,tin_phieu_rate,Lãi suất tín phiếu,3.4,%/năm,dieu_hanh,Ngày 16/07/2025,https://data.vietnambiz.vn/currency-interest-rate,
2026-07-25,credit_yoy,Tăng trưởng tín dụng (YoY),18.2318,%,tang_truong,Tháng 05/2026,https://data.vietnambiz.vn/currency-interest-rate,
2026-07-25,dep_12m,Lãi suất huy động 12 tháng nhóm NHTM lớn,5.9125,%/năm,huy_dong,Ngày 24/07/2026,https://data.vietnambiz.vn/currency-interest-rate,
2026-07-25,dep_1_3m,Lãi suất huy động 1-3 tháng nhóm NHTM lớn,4.1875,%/năm,huy_dong,Ngày 24/07/2026,https://data.vietnambiz.vn/currency-interest-rate,
2026-07-25,dep_6_9m,Lãi suất huy động 6-9 tháng nhóm NHTM lớn,5.2875,%/năm,huy_dong,Ngày 24/07/2026,https://data.vietnambiz.vn/currency-interest-rate,
2026-07-25,deposit_yoy,Tăng trưởng huy động (YoY),10.7567,%,tang_truong,Tháng 05/2026,https://data.vietnambiz.vn/currency-interest-rate,
2026-07-25,discount_rate,Lãi suất chiết khấu,3.0,%/năm,dieu_hanh,Ngày 03/02/2025,https://data.vietnambiz.vn/currency-interest-rate,
2026-07-25,fx_bank_sell,Tỷ giá USD NHTM bán ra,26510.0,VND/USD,ty_gia,Ngày 24/07/2026,https://data.vietnambiz.vn/currency-interest-rate,
2026-07-25,fx_central,Tỷ giá trung tâm,25283.0,VND/USD,ty_gia,Ngày 24/07/2026,https://data.vietnambiz.vn/currency-interest-rate,
2026-07-25,fx_free_sell,Tỷ giá USD tự do bán ra,26360.0,VND/USD,ty_gia,Ngày 24/07/2026,https://data.vietnambiz.vn/currency-interest-rate,
2026-07-25,interbank_1m,Lãi suất liên ngân hàng _1M,7.07,%/năm,lien_nh,22/07/2026,https://data.vietnambiz.vn/currency-interest-rate,
2026-07-25,interbank_1w,Lãi suất liên ngân hàng _1W,4.1,%/năm,lien_nh,22/07/2026,https://data.vietnambiz.vn/currency-interest-rate,
2026-07-25,interbank_2w,Lãi suất liên ngân hàng _2W,5.5,%/năm,lien_nh,22/07/2026,https://data.vietnambiz.vn/currency-interest-rate,
2026-07-25,interbank_3m,Lãi suất liên ngân hàng _3M,8.04,%/năm,lien_nh,22/07/2026,https://data.vietnambiz.vn/currency-interest-rate,
2026-07-25,interbank_on,Lãi suất liên ngân hàng _ON,3.33,%/năm,lien_nh,22/07/2026,https://data.vietnambiz.vn/currency-interest-rate,
2026-07-25,m2_yoy,Tăng trưởng cung tiền M2 (YoY),5.2803,%,tang_truong,Tháng 05/2026,https://data.vietnambiz.vn/currency-interest-rate,
2026-07-25,omo_rate,Lãi suất OMO,4.5,%/năm,dieu_hanh,Ngày 24/07/2026,https://data.vietnambiz.vn/currency-interest-rate,
2026-07-25,refi_rate,Lãi suất tái cấp vốn,4.5,%/năm,dieu_hanh,Ngày 03/02/2025,https://data.vietnambiz.vn/currency-interest-rate,
2026-07-25,tin_phieu_rate,Lãi suất tín phiếu,3.4,%/năm,dieu_hanh,Ngày 16/07/2025,https://data.vietnambiz.vn/currency-interest-rate,
2026-07-26,credit_yoy,Tăng trưởng tín dụng (YoY),18.2318,%,tang_truong,Tháng 05/2026,https://data.vietnambiz.vn/currency-interest-rate,
2026-07-26,dep_12m,Lãi suất huy động 12 tháng nhóm NHTM lớn,5.9125,%/năm,huy_dong,Ngày 24/07/2026,https://data.vietnambiz.vn/currency-interest-rate,
2026-07-26,dep_1_3m,Lãi suất huy động 1-3 tháng nhóm NHTM lớn,4.1875,%/năm,huy_dong,Ngày 24/07/2026,https://data.vietnambiz.vn/currency-interest-rate,
2026-07-26,dep_6_9m,Lãi suất huy động 6-9 tháng nhóm NHTM lớn,5.2875,%/năm,huy_dong,Ngày 24/07/2026,https://data.vietnambiz.vn/currency-interest-rate,
2026-07-26,deposit_yoy,Tăng trưởng huy động (YoY),10.7567,%,tang_truong,Tháng 05/2026,https://data.vietnambiz.vn/currency-interest-rate,
2026-07-26,discount_rate,Lãi suất chiết khấu,3.0,%/năm,dieu_hanh,Ngày 03/02/2025,https://data.vietnambiz.vn/currency-interest-rate,
2026-07-26,fx_bank_sell,Tỷ giá USD NHTM bán ra,26510.0,VND/USD,ty_gia,Ngày 24/07/2026,https://data.vietnambiz.vn/currency-interest-rate,
2026-07-26,fx_central,Tỷ giá trung tâm,25283.0,VND/USD,ty_gia,Ngày 24/07/2026,https://data.vietnambiz.vn/currency-interest-rate,
2026-07-26,fx_free_sell,Tỷ giá USD tự do bán ra,26360.0,VND/USD,ty_gia,Ngày 24/07/2026,https://data.vietnambiz.vn/currency-interest-rate,
2026-07-26,interbank_1m,Lãi suất liên ngân hàng _1M,7.07,%/năm,lien_nh,22/07/2026,https://data.vietnambiz.vn/currency-interest-rate,
2026-07-26,interbank_1w,Lãi suất liên ngân hàng _1W,4.1,%/năm,lien_nh,22/07/2026,https://data.vietnambiz.vn/currency-interest-rate,
2026-07-26,interbank_2w,Lãi suất liên ngân hàng _2W,5.5,%/năm,lien_nh,22/07/2026,https://data.vietnambiz.vn/currency-interest-rate,
2026-07-26,interbank_3m,Lãi suất liên ngân hàng _3M,8.04,%/năm,lien_nh,22/07/2026,https://data.vietnambiz.vn/currency-interest-rate,
2026-07-26,interbank_on,Lãi suất liên ngân hàng _ON,3.33,%/năm,lien_nh,22/07/2026,https://data.vietnambiz.vn/currency-interest-rate,
2026-07-26,m2_yoy,Tăng trưởng cung tiền M2 (YoY),5.2803,%,tang_truong,Tháng 05/2026,https://data.vietnambiz.vn/currency-interest-rate,
2026-07-26,omo_rate,Lãi suất OMO,4.5,%/năm,dieu_hanh,Ngày 24/07/2026,https://data.vietnambiz.vn/currency-interest-rate,
2026-07-26,refi_rate,Lãi suất tái cấp vốn,4.5,%/năm,dieu_hanh,Ngày 03/02/2025,https://data.vietnambiz.vn/currency-interest-rate,
2026-07-26,tin_phieu_rate,Lãi suất tín phiếu,3.4,%/năm,dieu_hanh,Ngày 16/07/2025,https://data.vietnambiz.vn/currency-interest-rate,
2026-07-27,credit_yoy,Tăng trưởng tín dụng (YoY),18.2318,%,tang_truong,Tháng 05/2026,https://data.vietnambiz.vn/currency-interest-rate,
2026-07-27,dep_12m,Lãi suất huy động 12 tháng nhóm NHTM lớn,5.9125,%/năm,huy_dong,Ngày 27/07/2026,https://data.vietnambiz.vn/currency-interest-rate,
2026-07-27,dep_1_3m,Lãi suất huy động 1-3 tháng nhóm NHTM lớn,4.1875,%/năm,huy_dong,Ngày 27/07/2026,https://data.vietnambiz.vn/currency-interest-rate,
2026-07-27,dep_6_9m,Lãi suất huy động 6-9 tháng nhóm NHTM lớn,5.2875,%/năm,huy_dong,Ngày 27/07/2026,https://data.vietnambiz.vn/currency-interest-rate,
2026-07-27,deposit_yoy,Tăng trưởng huy động (YoY),10.7567,%,tang_truong,Tháng 05/2026,https://data.vietnambiz.vn/currency-interest-rate,
2026-07-27,discount_rate,Lãi suất chiết khấu,3.0,%/năm,dieu_hanh,Ngày 03/02/2025,https://data.vietnambiz.vn/currency-interest-rate,
2026-07-27,fx_bank_sell,Tỷ giá USD NHTM bán ra,26520.0,VND/USD,ty_gia,Ngày 27/07/2026,https://data.vietnambiz.vn/currency-interest-rate,
2026-07-27,fx_central,Tỷ giá trung tâm,25293.0,VND/USD,ty_gia,Ngày 27/07/2026,https://data.vietnambiz.vn/currency-interest-rate,
2026-07-27,fx_free_sell,Tỷ giá USD tự do bán ra,26420.0,VND/USD,ty_gia,Ngày 27/07/2026,https://data.vietnambiz.vn/currency-interest-rate,
2026-07-27,interbank_1m,Lãi suất liên ngân hàng _1M,6.65,%/năm,lien_nh,23/07/2026,https://data.vietnambiz.vn/currency-interest-rate,
2026-07-27,interbank_1w,Lãi suất liên ngân hàng _1W,3.91,%/năm,lien_nh,23/07/2026,https://data.vietnambiz.vn/currency-interest-rate,
2026-07-27,interbank_2w,Lãi suất liên ngân hàng _2W,5.6,%/năm,lien_nh,23/07/2026,https://data.vietnambiz.vn/currency-interest-rate,
2026-07-27,interbank_3m,Lãi suất liên ngân hàng _3M,7.63,%/năm,lien_nh,23/07/2026,https://data.vietnambiz.vn/currency-interest-rate,
2026-07-27,interbank_on,Lãi suất liên ngân hàng _ON,2.97,%/năm,lien_nh,23/07/2026,https://data.vietnambiz.vn/currency-interest-rate,
2026-07-27,m2_yoy,Tăng trưởng cung tiền M2 (YoY),5.2803,%,tang_truong,Tháng 05/2026,https://data.vietnambiz.vn/currency-interest-rate,
2026-07-27,omo_rate,Lãi suất OMO,4.5,%/năm,dieu_hanh,Ngày 27/07/2026,https://data.vietnambiz.vn/currency-interest-rate,
2026-07-27,refi_rate,Lãi suất tái cấp vốn,4.5,%/năm,dieu_hanh,Ngày 03/02/2025,https://data.vietnambiz.vn/currency-interest-rate,
2026-07-27,tin_phieu_rate,Lãi suất tín phiếu,3.4,%/năm,dieu_hanh,Ngày 16/07/2025,https://data.vietnambiz.vn/currency-interest-rate,
2026-07-28,credit_yoy,Tăng trưởng tín dụng (YoY),18.2318,%,tang_truong,Tháng 05/2026,https://data.vietnambiz.vn/currency-interest-rate,
2026-07-28,dep_12m,Lãi suất huy động 12 tháng nhóm NHTM lớn,5.9125,%/năm,huy_dong,Ngày 28/07/2026,https://data.vietnambiz.vn/currency-interest-rate,
2026-07-28,dep_1_3m,Lãi suất huy động 1-3 tháng nhóm NHTM lớn,4.1875,%/năm,huy_dong,Ngày 28/07/2026,https://data.vietnambiz.vn/currency-interest-rate,
2026-07-28,dep_6_9m,Lãi suất huy động 6-9 tháng nhóm NHTM lớn,5.2875,%/năm,huy_dong,Ngày 28/07/2026,https://data.vietnambiz.vn/currency-interest-rate,
2026-07-28,deposit_yoy,Tăng trưởng huy động (YoY),10.7567,%,tang_truong,Tháng 05/2026,https://data.vietnambiz.vn/currency-interest-rate,
2026-07-28,discount_rate,Lãi suất chiết khấu,3.0,%/năm,dieu_hanh,Ngày 03/02/2025,https://data.vietnambiz.vn/currency-interest-rate,
2026-07-28,fx_bank_sell,Tỷ giá USD NHTM bán ra,26525.0,VND/USD,ty_gia,Ngày 28/07/2026,https://data.vietnambiz.vn/currency-interest-rate,
2026-07-28,fx_central,Tỷ giá trung tâm,25306.0,VND/USD,ty_gia,Ngày 28/07/2026,https://data.vietnambiz.vn/currency-interest-rate,
2026-07-28,fx_free_sell,Tỷ giá USD tự do bán ra,26420.0,VND/USD,ty_gia,Ngày 28/07/2026,https://data.vietnambiz.vn/currency-interest-rate,
2026-07-28,interbank_1m,Lãi suất liên ngân hàng _1M,7.24,%/năm,lien_nh,24/07/2026,https://data.vietnambiz.vn/currency-interest-rate,
2026-07-28,interbank_1w,Lãi suất liên ngân hàng _1W,3.51,%/năm,lien_nh,24/07/2026,https://data.vietnambiz.vn/currency-interest-rate,
2026-07-28,interbank_2w,Lãi suất liên ngân hàng _2W,5.47,%/năm,lien_nh,24/07/2026,https://data.vietnambiz.vn/currency-interest-rate,
2026-07-28,interbank_3m,Lãi suất liên ngân hàng _3M,7.71,%/năm,lien_nh,24/07/2026,https://data.vietnambiz.vn/currency-interest-rate,
2026-07-28,interbank_on,Lãi suất liên ngân hàng _ON,2.43,%/năm,lien_nh,24/07/2026,https://data.vietnambiz.vn/currency-interest-rate,
2026-07-28,m2_yoy,Tăng trưởng cung tiền M2 (YoY),5.2803,%,tang_truong,Tháng 05/2026,https://data.vietnambiz.vn/currency-interest-rate,
2026-07-28,omo_rate,Lãi suất OMO,4.5,%/năm,dieu_hanh,Ngày 28/07/2026,https://data.vietnambiz.vn/currency-interest-rate,
2026-07-28,refi_rate,Lãi suất tái cấp vốn,4.5,%/năm,dieu_hanh,Ngày 03/02/2025,https://data.vietnambiz.vn/currency-interest-rate,
2026-07-28,tin_phieu_rate,Lãi suất tín phiếu,3.4,%/năm,dieu_hanh,Ngày 16/07/2025,https://data.vietnambiz.vn/currency-interest-rate,
2026-07-29,credit_yoy,Tăng trưởng tín dụng (YoY),18.2318,%,tang_truong,Tháng 05/2026,https://data.vietnambiz.vn/currency-interest-rate,
2026-07-29,dep_12m,Lãi suất huy động 12 tháng nhóm NHTM lớn,5.9125,%/năm,huy_dong,Ngày 29/07/2026,https://data.vietnambiz.vn/currency-interest-rate,
2026-07-29,dep_1_3m,Lãi suất huy động 1-3 tháng nhóm NHTM lớn,4.1875,%/năm,huy_dong,Ngày 29/07/2026,https://data.vietnambiz.vn/currency-interest-rate,
2026-07-29,dep_6_9m,Lãi suất huy động 6-9 tháng nhóm NHTM lớn,5.2875,%/năm,huy_dong,Ngày 29/07/2026,https://data.vietnambiz.vn/currency-interest-rate,
2026-07-29,deposit_yoy,Tăng trưởng huy động (YoY),10.7567,%,tang_truong,Tháng 05/2026,https://data.vietnambiz.vn/currency-interest-rate,
2026-07-29,discount_rate,Lãi suất chiết khấu,3.0,%/năm,dieu_hanh,Ngày 03/02/2025,https://data.vietnambiz.vn/currency-interest-rate,
2026-07-29,fx_bank_sell,Tỷ giá USD NHTM bán ra,26530.0,VND/USD,ty_gia,Ngày 29/07/2026,https://data.vietnambiz.vn/currency-interest-rate,
2026-07-29,fx_central,Tỷ giá trung tâm,25306.0,VND/USD,ty_gia,Ngày 29/07/2026,https://data.vietnambiz.vn/currency-interest-rate,
2026-07-29,fx_free_sell,Tỷ giá USD tự do bán ra,26350.0,VND/USD,ty_gia,Ngày 29/07/2026,https://data.vietnambiz.vn/currency-interest-rate,
2026-07-29,interbank_1m,Lãi suất liên ngân hàng _1M,6.91,%/năm,lien_nh,27/07/2026,https://data.vietnambiz.vn/currency-interest-rate,
2026-07-29,interbank_1w,Lãi suất liên ngân hàng _1W,4.49,%/năm,lien_nh,27/07/2026,https://data.vietnambiz.vn/currency-interest-rate,
2026-07-29,interbank_2w,Lãi suất liên ngân hàng _2W,5.61,%/năm,lien_nh,27/07/2026,https://data.vietnambiz.vn/currency-interest-rate,
2026-07-29,interbank_3m,Lãi suất liên ngân hàng _3M,7.38,%/năm,lien_nh,27/07/2026,https://data.vietnambiz.vn/currency-interest-rate,
2026-07-29,interbank_on,Lãi suất liên ngân hàng _ON,2.37,%/năm,lien_nh,27/07/2026,https://data.vietnambiz.vn/currency-interest-rate,
2026-07-29,m2_yoy,Tăng trưởng cung tiền M2 (YoY),5.2803,%,tang_truong,Tháng 05/2026,https://data.vietnambiz.vn/currency-interest-rate,
2026-07-29,omo_rate,Lãi suất OMO,4.5,%/năm,dieu_hanh,Ngày 28/07/2026,https://data.vietnambiz.vn/currency-interest-rate,
2026-07-29,refi_rate,Lãi suất tái cấp vốn,4.5,%/năm,dieu_hanh,Ngày 03/02/2025,https://data.vietnambiz.vn/currency-interest-rate,
2026-07-29,tin_phieu_rate,Lãi suất tín phiếu,3.4,%/năm,dieu_hanh,Ngày 16/07/2025,https://data.vietnambiz.vn/currency-interest-rate,
2026-07-30,credit_yoy,Tăng trưởng tín dụng (YoY),18.2318,%,tang_truong,Tháng 05/2026,https://data.vietnambiz.vn/currency-interest-rate,
2026-07-30,dep_12m,Lãi suất huy động 12 tháng nhóm NHTM lớn,5.9125,%/năm,huy_dong,Ngày 30/07/2026,https://data.vietnambiz.vn/currency-interest-rate,
2026-07-30,dep_1_3m,Lãi suất huy động 1-3 tháng nhóm NHTM lớn,4.1875,%/năm,huy_dong,Ngày 30/07/2026,https://data.vietnambiz.vn/currency-interest-rate,
2026-07-30,dep_6_9m,Lãi suất huy động 6-9 tháng nhóm NHTM lớn,5.2875,%/năm,huy_dong,Ngày 30/07/2026,https://data.vietnambiz.vn/currency-interest-rate,
2026-07-30,deposit_yoy,Tăng trưởng huy động (YoY),10.7567,%,tang_truong,Tháng 05/2026,https://data.vietnambiz.vn/currency-interest-rate,
2026-07-30,discount_rate,Lãi suất chiết khấu,3.0,%/năm,dieu_hanh,Ngày 03/02/2025,https://data.vietnambiz.vn/currency-interest-rate,
2026-07-30,fx_bank_sell,Tỷ giá USD NHTM bán ra,26490.0,VND/USD,ty_gia,Ngày 30/07/2026,https://data.vietnambiz.vn/currency-interest-rate,
2026-07-30,fx_central,Tỷ giá trung tâm,25320.0,VND/USD,ty_gia,Ngày 30/07/2026,https://data.vietnambiz.vn/currency-interest-rate,
2026-07-30,fx_free_sell,Tỷ giá USD tự do bán ra,26320.0,VND/USD,ty_gia,Ngày 30/07/2026,https://data.vietnambiz.vn/currency-interest-rate,
2026-07-30,interbank_1m,Lãi suất liên ngân hàng _1M,6.84,%/năm,lien_nh,28/07/2026,https://data.vietnambiz.vn/currency-interest-rate,
2026-07-30,interbank_1w,Lãi suất liên ngân hàng _1W,4.53,%/năm,lien_nh,28/07/2026,https://data.vietnambiz.vn/currency-interest-rate,
2026-07-30,interbank_2w,Lãi suất liên ngân hàng _2W,5.23,%/năm,lien_nh,28/07/2026,https://data.vietnambiz.vn/currency-interest-rate,
2026-07-30,interbank_3m,Lãi suất liên ngân hàng _3M,8.01,%/năm,lien_nh,28/07/2026,https://data.vietnambiz.vn/currency-interest-rate,
2026-07-30,interbank_on,Lãi suất liên ngân hàng _ON,2.17,%/năm,lien_nh,28/07/2026,https://data.vietnambiz.vn/currency-interest-rate,
2026-07-30,m2_yoy,Tăng trưởng cung tiền M2 (YoY),5.2803,%,tang_truong,Tháng 05/2026,https://data.vietnambiz.vn/currency-interest-rate,
2026-07-30,omo_rate,Lãi suất OMO,4.5,%/năm,dieu_hanh,Ngày 29/07/2026,https://data.vietnambiz.vn/currency-interest-rate,
2026-07-30,refi_rate,Lãi suất tái cấp vốn,4.5,%/năm,dieu_hanh,Ngày 03/02/2025,https://data.vietnambiz.vn/currency-interest-rate,
2026-07-30,tin_phieu_rate,Lãi suất tín phiếu,3.4,%/năm,dieu_hanh,Ngày 16/07/2025,https://data.vietnambiz.vn/currency-interest-rate,
2026-07-31,credit_yoy,Tăng trưởng tín dụng (YoY),18.2318,%,tang_truong,Tháng 05/2026,https://data.vietnambiz.vn/currency-interest-rate,
2026-07-31,dep_12m,Lãi suất huy động 12 tháng nhóm NHTM lớn,5.9125,%/năm,huy_dong,Ngày 31/07/2026,https://data.vietnambiz.vn/currency-interest-rate,
2026-07-31,dep_1_3m,Lãi suất huy động 1-3 tháng nhóm NHTM lớn,4.1875,%/năm,huy_dong,Ngày 31/07/2026,https://data.vietnambiz.vn/currency-interest-rate,
2026-07-31,dep_6_9m,Lãi suất huy động 6-9 tháng nhóm NHTM lớn,5.2875,%/năm,huy_dong,Ngày 31/07/2026,https://data.vietnambiz.vn/currency-interest-rate,
2026-07-31,deposit_yoy,Tăng trưởng huy động (YoY),10.7567,%,tang_truong,Tháng 05/2026,https://data.vietnambiz.vn/currency-interest-rate,
2026-07-31,discount_rate,Lãi suất chiết khấu,3.0,%/năm,dieu_hanh,Ngày 03/02/2025,https://data.vietnambiz.vn/currency-interest-rate,
2026-07-31,fx_bank_sell,Tỷ giá USD NHTM bán ra,26470.0,VND/USD,ty_gia,Ngày 31/07/2026,https://data.vietnambiz.vn/currency-interest-rate,
2026-07-31,fx_central,Tỷ giá trung tâm,25338.0,VND/USD,ty_gia,Ngày 31/07/2026,https://data.vietnambiz.vn/currency-interest-rate,
2026-07-31,fx_free_sell,Tỷ giá USD tự do bán ra,26280.0,VND/USD,ty_gia,Ngày 31/07/2026,https://data.vietnambiz.vn/currency-interest-rate,
2026-07-31,interbank_1m,Lãi suất liên ngân hàng _1M,6.76,%/năm,lien_nh,29/07/2026,https://data.vietnambiz.vn/currency-interest-rate,
2026-07-31,interbank_1w,Lãi suất liên ngân hàng _1W,4.55,%/năm,lien_nh,29/07/2026,https://data.vietnambiz.vn/currency-interest-rate,
2026-07-31,interbank_2w,Lãi suất liên ngân hàng _2W,5.61,%/năm,lien_nh,29/07/2026,https://data.vietnambiz.vn/currency-interest-rate,
2026-07-31,interbank_3m,Lãi suất liên ngân hàng _3M,7.31,%/năm,lien_nh,29/07/2026,https://data.vietnambiz.vn/currency-interest-rate,
2026-07-31,interbank_on,Lãi suất liên ngân hàng _ON,1.33,%/năm,lien_nh,29/07/2026,https://data.vietnambiz.vn/currency-interest-rate,
2026-07-31,m2_yoy,Tăng trưởng cung tiền M2 (YoY),5.2803,%,tang_truong,Tháng 05/2026,https://data.vietnambiz.vn/currency-interest-rate,
2026-07-31,omo_rate,Lãi suất OMO,4.5,%/năm,dieu_hanh,Ngày 30/07/2026,https://data.vietnambiz.vn/currency-interest-rate,
2026-07-31,refi_rate,Lãi suất tái cấp vốn,4.5,%/năm,dieu_hanh,Ngày 03/02/2025,https://data.vietnambiz.vn/currency-interest-rate,
2026-07-31,tin_phieu_rate,Lãi suất tín phiếu,3.4,%/năm,dieu_hanh,Ngày 16/07/2025,https://data.vietnambiz.vn/currency-interest-rate,
2026-08-01,credit_yoy,Tăng trưởng tín dụng (YoY),18.2318,%,tang_truong,Tháng 05/2026,https://data.vietnambiz.vn/currency-interest-rate,
2026-08-01,dep_12m,Lãi suất huy động 12 tháng nhóm NHTM lớn,5.9125,%/năm,huy_dong,Ngày 31/07/2026,https://data.vietnambiz.vn/currency-interest-rate,
2026-08-01,dep_1_3m,Lãi suất huy động 1-3 tháng nhóm NHTM lớn,4.1875,%/năm,huy_dong,Ngày 31/07/2026,https://data.vietnambiz.vn/currency-interest-rate,
2026-08-01,dep_6_9m,Lãi suất huy động 6-9 tháng nhóm NHTM lớn,5.2875,%/năm,huy_dong,Ngày 31/07/2026,https://data.vietnambiz.vn/currency-interest-rate,
2026-08-01,deposit_yoy,Tăng trưởng huy động (YoY),10.7567,%,tang_truong,Tháng 05/2026,https://data.vietnambiz.vn/currency-interest-rate,
2026-08-01,discount_rate,Lãi suất chiết khấu,3.0,%/năm,dieu_hanh,Ngày 03/02/2025,https://data.vietnambiz.vn/currency-interest-rate,
2026-08-01,fx_bank_sell,Tỷ giá USD NHTM bán ra,26490.0,VND/USD,ty_gia,Ngày 31/07/2026,https://data.vietnambiz.vn/currency-interest-rate,
2026-08-01,fx_central,Tỷ giá trung tâm,25338.0,VND/USD,ty_gia,Ngày 31/07/2026,https://data.vietnambiz.vn/currency-interest-rate,
2026-08-01,fx_free_sell,Tỷ giá USD tự do bán ra,26280.0,VND/USD,ty_gia,Ngày 31/07/2026,https://data.vietnambiz.vn/currency-interest-rate,
2026-08-01,interbank_1m,Lãi suất liên ngân hàng _1M,6.76,%/năm,lien_nh,29/07/2026,https://data.vietnambiz.vn/currency-interest-rate,
2026-08-01,interbank_1w,Lãi suất liên ngân hàng _1W,4.55,%/năm,lien_nh,29/07/2026,https://data.vietnambiz.vn/currency-interest-rate,
2026-08-01,interbank_2w,Lãi suất liên ngân hàng _2W,5.61,%/năm,lien_nh,29/07/2026,https://data.vietnambiz.vn/currency-interest-rate,
2026-08-01,interbank_3m,Lãi suất liên ngân hàng _3M,7.31,%/năm,lien_nh,29/07/2026,https://data.vietnambiz.vn/currency-interest-rate,
2026-08-01,interbank_on,Lãi suất liên ngân hàng _ON,1.33,%/năm,lien_nh,29/07/2026,https://data.vietnambiz.vn/currency-interest-rate,
2026-08-01,m2_yoy,Tăng trưởng cung tiền M2 (YoY),5.2803,%,tang_truong,Tháng 05/2026,https://data.vietnambiz.vn/currency-interest-rate,
2026-08-01,omo_rate,Lãi suất OMO,4.5,%/năm,dieu_hanh,Ngày 31/07/2026,https://data.vietnambiz.vn/currency-interest-rate,
2026-08-01,refi_rate,Lãi suất tái cấp vốn,4.5,%/năm,dieu_hanh,Ngày 03/02/2025,https://data.vietnambiz.vn/currency-interest-rate,
2026-08-01,tin_phieu_rate,Lãi suất tín phiếu,3.4,%/năm,dieu_hanh,Ngày 16/07/2025,https://data.vietnambiz.vn/currency-interest-rate,
2026-08-02,credit_yoy,Tăng trưởng tín dụng (YoY),18.2318,%,tang_truong,Tháng 05/2026,https://data.vietnambiz.vn/currency-interest-rate,
2026-08-02,dep_12m,Lãi suất huy động 12 tháng nhóm NHTM lớn,5.9125,%/năm,huy_dong,Ngày 31/07/2026,https://data.vietnambiz.vn/currency-interest-rate,
2026-08-02,dep_1_3m,Lãi suất huy động 1-3 tháng nhóm NHTM lớn,4.1875,%/năm,huy_dong,Ngày 31/07/2026,https://data.vietnambiz.vn/currency-interest-rate,
2026-08-02,dep_6_9m,Lãi suất huy động 6-9 tháng nhóm NHTM lớn,5.2875,%/năm,huy_dong,Ngày 31/07/2026,https://data.vietnambiz.vn/currency-interest-rate,
2026-08-02,deposit_yoy,Tăng trưởng huy động (YoY),10.7567,%,tang_truong,Tháng 05/2026,https://data.vietnambiz.vn/currency-interest-rate,
2026-08-02,discount_rate,Lãi suất chiết khấu,3.0,%/năm,dieu_hanh,Ngày 03/02/2025,https://data.vietnambiz.vn/currency-interest-rate,
2026-08-02,fx_bank_sell,Tỷ giá USD NHTM bán ra,26490.0,VND/USD,ty_gia,Ngày 31/07/2026,https://data.vietnambiz.vn/currency-interest-rate,
2026-08-02,fx_central,Tỷ giá trung tâm,25338.0,VND/USD,ty_gia,Ngày 31/07/2026,https://data.vietnambiz.vn/currency-interest-rate,
2026-08-02,fx_free_sell,Tỷ giá USD tự do bán ra,26280.0,VND/USD,ty_gia,Ngày 31/07/2026,https://data.vietnambiz.vn/currency-interest-rate,
2026-08-02,interbank_1m,Lãi suất liên ngân hàng _1M,6.76,%/năm,lien_nh,29/07/2026,https://data.vietnambiz.vn/currency-interest-rate,
2026-08-02,interbank_1w,Lãi suất liên ngân hàng _1W,4.55,%/năm,lien_nh,29/07/2026,https://data.vietnambiz.vn/currency-interest-rate,
2026-08-02,interbank_2w,Lãi suất liên ngân hàng _2W,5.61,%/năm,lien_nh,29/07/2026,https://data.vietnambiz.vn/currency-interest-rate,
2026-08-02,interbank_3m,Lãi suất liên ngân hàng _3M,7.31,%/năm,lien_nh,29/07/2026,https://data.vietnambiz.vn/currency-interest-rate,
2026-08-02,interbank_on,Lãi suất liên ngân hàng _ON,1.33,%/năm,lien_nh,29/07/2026,https://data.vietnambiz.vn/currency-interest-rate,
2026-08-02,m2_yoy,Tăng trưởng cung tiền M2 (YoY),5.2803,%,tang_truong,Tháng 05/2026,https://data.vietnambiz.vn/currency-interest-rate,
2026-08-02,omo_rate,Lãi suất OMO,4.5,%/năm,dieu_hanh,Ngày 31/07/2026,https://data.vietnambiz.vn/currency-interest-rate,
2026-08-02,refi_rate,Lãi suất tái cấp vốn,4.5,%/năm,dieu_hanh,Ngày 03/02/2025,https://data.vietnambiz.vn/currency-interest-rate,
2026-08-02,tin_phieu_rate,Lãi suất tín phiếu,3.4,%/năm,dieu_hanh,Ngày 16/07/2025,https://data.vietnambiz.vn/currency-interest-rate,
2026-08-03,credit_yoy,Tăng trưởng tín dụng (YoY),18.2318,%,tang_truong,Tháng 05/2026,https://data.vietnambiz.vn/currency-interest-rate,
2026-08-03,dep_12m,Lãi suất huy động 12 tháng nhóm NHTM lớn,5.9125,%/năm,huy_dong,Ngày 03/08/2026,https://data.vietnambiz.vn/currency-interest-rate,
2026-08-03,dep_1_3m,Lãi suất huy động 1-3 tháng nhóm NHTM lớn,4.1875,%/năm,huy_dong,Ngày 03/08/2026,https://data.vietnambiz.vn/currency-interest-rate,
2026-08-03,dep_6_9m,Lãi suất huy động 6-9 tháng nhóm NHTM lớn,5.2875,%/năm,huy_dong,Ngày 03/08/2026,https://data.vietnambiz.vn/currency-interest-rate,
2026-08-03,deposit_yoy,Tăng trưởng huy động (YoY),10.7567,%,tang_truong,Tháng 05/2026,https://data.vietnambiz.vn/currency-interest-rate,
2026-08-03,discount_rate,Lãi suất chiết khấu,3.0,%/năm,dieu_hanh,Ngày 03/02/2025,https://data.vietnambiz.vn/currency-interest-rate,
2026-08-03,fx_bank_sell,Tỷ giá USD NHTM bán ra,26480.0,VND/USD,ty_gia,Ngày 03/08/2026,https://data.vietnambiz.vn/currency-interest-rate,
2026-08-03,fx_central,Tỷ giá trung tâm,25358.0,VND/USD,ty_gia,Ngày 03/08/2026,https://data.vietnambiz.vn/currency-interest-rate,
2026-08-03,fx_free_sell,Tỷ giá USD tự do bán ra,26280.0,VND/USD,ty_gia,Ngày 03/08/2026,https://data.vietnambiz.vn/currency-interest-rate,
2026-08-03,interbank_1m,Lãi suất liên ngân hàng _1M,6.4,%/năm,lien_nh,30/07/2026,https://data.vietnambiz.vn/currency-interest-rate,
2026-08-03,interbank_1w,Lãi suất liên ngân hàng _1W,4.49,%/năm,lien_nh,30/07/2026,https://data.vietnambiz.vn/currency-interest-rate,
2026-08-03,interbank_2w,Lãi suất liên ngân hàng _2W,5.8,%/năm,lien_nh,30/07/2026,https://data.vietnambiz.vn/currency-interest-rate,
2026-08-03,interbank_3m,Lãi suất liên ngân hàng _3M,7.34,%/năm,lien_nh,30/07/2026,https://data.vietnambiz.vn/currency-interest-rate,
2026-08-03,interbank_on,Lãi suất liên ngân hàng _ON,0.75,%/năm,lien_nh,30/07/2026,https://data.vietnambiz.vn/currency-interest-rate,
2026-08-03,m2_yoy,Tăng trưởng cung tiền M2 (YoY),5.2803,%,tang_truong,Tháng 05/2026,https://data.vietnambiz.vn/currency-interest-rate,
2026-08-03,omo_rate,Lãi suất OMO,4.5,%/năm,dieu_hanh,Ngày 03/08/2026,https://data.vietnambiz.vn/currency-interest-rate,
2026-08-03,refi_rate,Lãi suất tái cấp vốn,4.5,%/năm,dieu_hanh,Ngày 03/02/2025,https://data.vietnambiz.vn/currency-interest-rate,
2026-08-03,tin_phieu_rate,Lãi suất tín phiếu,3.4,%/năm,dieu_hanh,Ngày 16/07/2025,https://data.vietnambiz.vn/currency-interest-rate,
2026-08-04,credit_yoy,Tăng trưởng tín dụng (YoY),18.2318,%,tang_truong,Tháng 05/2026,https://data.vietnambiz.vn/currency-interest-rate,
2026-08-04,dep_12m,Lãi suất huy động 12 tháng nhóm NHTM lớn,5.9125,%/năm,huy_dong,Ngày 04/08/2026,https://data.vietnambiz.vn/currency-interest-rate,
2026-08-04,dep_1_3m,Lãi suất huy động 1-3 tháng nhóm NHTM lớn,4.1875,%/năm,huy_dong,Ngày 04/08/2026,https://data.vietnambiz.vn/currency-interest-rate,
2026-08-04,dep_6_9m,Lãi suất huy động 6-9 tháng nhóm NHTM lớn,5.2875,%/năm,huy_dong,Ngày 04/08/2026,https://data.vietnambiz.vn/currency-interest-rate,
2026-08-04,deposit_yoy,Tăng trưởng huy động (YoY),10.7567,%,tang_truong,Tháng 05/2026,https://data.vietnambiz.vn/currency-interest-rate,
2026-08-04,discount_rate,Lãi suất chiết khấu,3.0,%/năm,dieu_hanh,Ngày 03/02/2025,https://data.vietnambiz.vn/currency-interest-rate,
2026-08-04,fx_bank_sell,Tỷ giá USD NHTM bán ra,26460.0,VND/USD,ty_gia,Ngày 04/08/2026,https://data.vietnambiz.vn/currency-interest-rate,
2026-08-04,fx_central,Tỷ giá trung tâm,25380.0,VND/USD,ty_gia,Ngày 04/08/2026,https://data.vietnambiz.vn/currency-interest-rate,
2026-08-04,fx_free_sell,Tỷ giá USD tự do bán ra,26110.0,VND/USD,ty_gia,Ngày 04/08/2026,https://data.vietnambiz.vn/currency-interest-rate,
2026-08-04,interbank_1m,Lãi suất liên ngân hàng _1M,6.93,%/năm,lien_nh,31/07/2026,https://data.vietnambiz.vn/currency-interest-rate,
2026-08-04,interbank_1w,Lãi suất liên ngân hàng _1W,4.83,%/năm,lien_nh,31/07/2026,https://data.vietnambiz.vn/currency-interest-rate,
2026-08-04,interbank_2w,Lãi suất liên ngân hàng _2W,5.99,%/năm,lien_nh,31/07/2026,https://data.vietnambiz.vn/currency-interest-rate,
2026-08-04,interbank_3m,Lãi suất liên ngân hàng _3M,7.31,%/năm,lien_nh,31/07/2026,https://data.vietnambiz.vn/currency-interest-rate,
2026-08-04,interbank_on,Lãi suất liên ngân hàng _ON,5.72,%/năm,lien_nh,31/07/2026,https://data.vietnambiz.vn/currency-interest-rate,
2026-08-04,m2_yoy,Tăng trưởng cung tiền M2 (YoY),5.2803,%,tang_truong,Tháng 05/2026,https://data.vietnambiz.vn/currency-interest-rate,
2026-08-04,omo_rate,Lãi suất OMO,4.5,%/năm,dieu_hanh,Ngày 04/08/2026,https://data.vietnambiz.vn/currency-interest-rate,
2026-08-04,refi_rate,Lãi suất tái cấp vốn,4.5,%/năm,dieu_hanh,Ngày 03/02/2025,https://data.vietnambiz.vn/currency-interest-rate,
2026-08-04,tin_phieu_rate,Lãi suất tín phiếu,3.4,%/năm,dieu_hanh,Ngày 16/07/2025,https://data.vietnambiz.vn/currency-interest-rate,
2026-08-05,credit_yoy,Tăng trưởng tín dụng (YoY),18.2318,%,tang_truong,Tháng 05/2026,https://data.vietnambiz.vn/currency-interest-rate,
2026-08-05,dep_12m,Lãi suất huy động 12 tháng nhóm NHTM lớn,5.9125,%/năm,huy_dong,Ngày 05/08/2026,https://data.vietnambiz.vn/currency-interest-rate,
2026-08-05,dep_1_3m,Lãi suất huy động 1-3 tháng nhóm NHTM lớn,4.1875,%/năm,huy_dong,Ngày 05/08/2026,https://data.vietnambiz.vn/currency-interest-rate,
2026-08-05,dep_6_9m,Lãi suất huy động 6-9 tháng nhóm NHTM lớn,5.2875,%/năm,huy_dong,Ngày 05/08/2026,https://data.vietnambiz.vn/currency-interest-rate,
2026-08-05,deposit_yoy,Tăng trưởng huy động (YoY),10.7567,%,tang_truong,Tháng 05/2026,https://data.vietnambiz.vn/currency-interest-rate,
2026-08-05,discount_rate,Lãi suất chiết khấu,3.0,%/năm,dieu_hanh,Ngày 03/02/2025,https://data.vietnambiz.vn/currency-interest-rate,
2026-08-05,fx_bank_sell,Tỷ giá USD NHTM bán ra,26460.0,VND/USD,ty_gia,Ngày 05/08/2026,https://data.vietnambiz.vn/currency-interest-rate,
2026-08-05,fx_central,Tỷ giá trung tâm,25405.0,VND/USD,ty_gia,Ngày 05/08/2026,https://data.vietnambiz.vn/currency-interest-rate,
2026-08-05,fx_free_sell,Tỷ giá USD tự do bán ra,26110.0,VND/USD,ty_gia,Ngày 05/08/2026,https://data.vietnambiz.vn/currency-interest-rate,
2026-08-05,interbank_1m,Lãi suất liên ngân hàng _1M,7.2,%/năm,lien_nh,03/08/2026,https://data.vietnambiz.vn/currency-interest-rate,
2026-08-05,interbank_1w,Lãi suất liên ngân hàng _1W,6.46,%/năm,lien_nh,03/08/2026,https://data.vietnambiz.vn/currency-interest-rate,
2026-08-05,interbank_2w,Lãi suất liên ngân hàng _2W,6.84,%/năm,lien_nh,03/08/2026,https://data.vietnambiz.vn/currency-interest-rate,
2026-08-05,interbank_3m,Lãi suất liên ngân hàng _3M,7.54,%/năm,lien_nh,03/08/2026,https://data.vietnambiz.vn/currency-interest-rate,
2026-08-05,interbank_on,Lãi suất liên ngân hàng _ON,6.22,%/năm,lien_nh,03/08/2026,https://data.vietnambiz.vn/currency-interest-rate,
2026-08-05,m2_yoy,Tăng trưởng cung tiền M2 (YoY),5.2803,%,tang_truong,Tháng 05/2026,https://data.vietnambiz.vn/currency-interest-rate,
2026-08-05,omo_rate,Lãi suất OMO,4.5,%/năm,dieu_hanh,Ngày 04/08/2026,https://data.vietnambiz.vn/currency-interest-rate,
2026-08-05,refi_rate,Lãi suất tái cấp vốn,4.5,%/năm,dieu_hanh,Ngày 03/02/2025,https://data.vietnambiz.vn/currency-interest-rate,
2026-08-05,tin_phieu_rate,Lãi suất tín phiếu,3.4,%/năm,dieu_hanh,Ngày 16/07/2025,https://data.vietnambiz.vn/currency-interest-rate,
2026-08-06,credit_yoy,Tăng trưởng tín dụng (YoY),18.2318,%,tang_truong,Tháng 05/2026,https://data.vietnambiz.vn/currency-interest-rate,
2026-08-06,dep_12m,Lãi suất huy động 12 tháng nhóm NHTM lớn,5.9125,%/năm,huy_dong,Ngày 06/08/2026,https://data.vietnambiz.vn/currency-interest-rate,
2026-08-06,dep_1_3m,Lãi suất huy động 1-3 tháng nhóm NHTM lớn,4.1875,%/năm,huy_dong,Ngày 06/08/2026,https://data.vietnambiz.vn/currency-interest-rate,
2026-08-06,dep_6_9m,Lãi suất huy động 6-9 tháng nhóm NHTM lớn,5.2875,%/năm,huy_dong,Ngày 06/08/2026,https://data.vietnambiz.vn/currency-interest-rate,
2026-08-06,deposit_yoy,Tăng trưởng huy động (YoY),10.7567,%,tang_truong,Tháng 05/2026,https://data.vietnambiz.vn/currency-interest-rate,
2026-08-06,discount_rate,Lãi suất chiết khấu,3.0,%/năm,dieu_hanh,Ngày 03/02/2025,https://data.vietnambiz.vn/currency-interest-rate,
2026-08-06,fx_bank_sell,Tỷ giá USD NHTM bán ra,26450.0,VND/USD,ty_gia,Ngày 06/08/2026,https://data.vietnambiz.vn/currency-interest-rate,
2026-08-06,fx_central,Tỷ giá trung tâm,25433.0,VND/USD,ty_gia,Ngày 06/08/2026,https://data.vietnambiz.vn/currency-interest-rate,
2026-08-06,fx_free_sell,Tỷ giá USD tự do bán ra,26110.0,VND/USD,ty_gia,Ngày 06/08/2026,https://data.vietnambiz.vn/currency-interest-rate,
2026-08-06,interbank_1m,Lãi suất liên ngân hàng _1M,7.07,%/năm,lien_nh,04/08/2026,https://data.vietnambiz.vn/currency-interest-rate,
2026-08-06,interbank_1w,Lãi suất liên ngân hàng _1W,6.34,%/năm,lien_nh,04/08/2026,https://data.vietnambiz.vn/currency-interest-rate,
2026-08-06,interbank_2w,Lãi suất liên ngân hàng _2W,6.65,%/năm,lien_nh,04/08/2026,https://data.vietnambiz.vn/currency-interest-rate,
2026-08-06,interbank_3m,Lãi suất liên ngân hàng _3M,7.22,%/năm,lien_nh,04/08/2026,https://data.vietnambiz.vn/currency-interest-rate,
2026-08-06,interbank_on,Lãi suất liên ngân hàng _ON,6.32,%/năm,lien_nh,04/08/2026,https://data.vietnambiz.vn/currency-interest-rate,
2026-08-06,m2_yoy,Tăng trưởng cung tiền M2 (YoY),5.2803,%,tang_truong,Tháng 05/2026,https://data.vietnambiz.vn/currency-interest-rate,
2026-08-06,omo_rate,Lãi suất OMO,4.5,%/năm,dieu_hanh,Ngày 05/08/2026,https://data.vietnambiz.vn/currency-interest-rate,
2026-08-06,refi_rate,Lãi suất tái cấp vốn,4.5,%/năm,dieu_hanh,Ngày 03/02/2025,https://data.vietnambiz.vn/currency-interest-rate,
2026-08-06,tin_phieu_rate,Lãi suất tín phiếu,3.4,%/năm,dieu_hanh,Ngày 16/07/2025,https://data.vietnambiz.vn/currency-interest-rate,
2026-08-07,credit_yoy,Tăng trưởng tín dụng (YoY),17.4052,%,tang_truong,Tháng 06/2026,https://data.vietnambiz.vn/currency-interest-rate,
2026-08-07,dep_12m,Lãi suất huy động 12 tháng nhóm NHTM lớn,5.9125,%/năm,huy_dong,Ngày 07/08/2026,https://data.vietnambiz.vn/currency-interest-rate,
2026-08-07,dep_1_3m,Lãi suất huy động 1-3 tháng nhóm NHTM lớn,4.1875,%/năm,huy_dong,Ngày 07/08/2026,https://data.vietnambiz.vn/currency-interest-rate,
2026-08-07,dep_6_9m,Lãi suất huy động 6-9 tháng nhóm NHTM lớn,5.2875,%/năm,huy_dong,Ngày 07/08/2026,https://data.vietnambiz.vn/currency-interest-rate,
2026-08-07,deposit_yoy,Tăng trưởng huy động (YoY),10.7567,%,tang_truong,Tháng 05/2026,https://data.vietnambiz.vn/currency-interest-rate,
2026-08-07,discount_rate,Lãi suất chiết khấu,3.0,%/năm,dieu_hanh,Ngày 03/02/2025,https://data.vietnambiz.vn/currency-interest-rate,
2026-08-07,fx_bank_sell,Tỷ giá USD NHTM bán ra,26410.0,VND/USD,ty_gia,Ngày 07/08/2026,https://data.vietnambiz.vn/currency-interest-rate,
2026-08-07,fx_central,Tỷ giá trung tâm,25463.0,VND/USD,ty_gia,Ngày 07/08/2026,https://data.vietnambiz.vn/currency-interest-rate,
2026-08-07,fx_free_sell,Tỷ giá USD tự do bán ra,26100.0,VND/USD,ty_gia,Ngày 07/08/2026,https://data.vietnambiz.vn/currency-interest-rate,
2026-08-07,interbank_1m,Lãi suất liên ngân hàng _1M,7.14,%/năm,lien_nh,05/08/2026,https://data.vietnambiz.vn/currency-interest-rate,
2026-08-07,interbank_1w,Lãi suất liên ngân hàng _1W,5.53,%/năm,lien_nh,05/08/2026,https://data.vietnambiz.vn/currency-interest-rate,
2026-08-07,interbank_2w,Lãi suất liên ngân hàng _2W,5.6,%/năm,lien_nh,05/08/2026,https://data.vietnambiz.vn/currency-interest-rate,
2026-08-07,interbank_3m,Lãi suất liên ngân hàng _3M,7.18,%/năm,lien_nh,05/08/2026,https://data.vietnambiz.vn/currency-interest-rate,
2026-08-07,interbank_on,Lãi suất liên ngân hàng _ON,4.83,%/năm,lien_nh,05/08/2026,https://data.vietnambiz.vn/currency-interest-rate,
2026-08-07,m2_yoy,Tăng trưởng cung tiền M2 (YoY),5.2803,%,tang_truong,Tháng 05/2026,https://data.vietnambiz.vn/currency-interest-rate,
2026-08-07,omo_rate,Lãi suất OMO,4.5,%/năm,dieu_hanh,Ngày 07/08/2026,https://data.vietnambiz.vn/currency-interest-rate,
2026-08-07,refi_rate,Lãi suất tái cấp vốn,4.5,%/năm,dieu_hanh,Ngày 03/02/2025,https://data.vietnambiz.vn/currency-interest-rate,
2026-08-07,tin_phieu_rate,Lãi suất tín phiếu,3.4,%/năm,dieu_hanh,Ngày 16/07/2025,https://data.vietnambiz.vn/currency-interest-rate,
2026-08-08,credit_yoy,Tăng trưởng tín dụng (YoY),17.4052,%,tang_truong,Tháng 06/2026,https://data.vietnambiz.vn/currency-interest-rate,
2026-08-08,dep_12m,Lãi suất huy động 12 tháng nhóm NHTM lớn,5.9125,%/năm,huy_dong,Ngày 07/08/2026,https://data.vietnambiz.vn/currency-interest-rate,
2026-08-08,dep_1_3m,Lãi suất huy động 1-3 tháng nhóm NHTM lớn,4.1875,%/năm,huy_dong,Ngày 07/08/2026,https://data.vietnambiz.vn/currency-interest-rate,
2026-08-08,dep_6_9m,Lãi suất huy động 6-9 tháng nhóm NHTM lớn,5.2875,%/năm,huy_dong,Ngày 07/08/2026,https://data.vietnambiz.vn/currency-interest-rate,
2026-08-08,deposit_yoy,Tăng trưởng huy động (YoY),10.7567,%,tang_truong,Tháng 05/2026,https://data.vietnambiz.vn/currency-interest-rate,
2026-08-08,discount_rate,Lãi suất chiết khấu,3.0,%/năm,dieu_hanh,Ngày 03/02/2025,https://data.vietnambiz.vn/currency-interest-rate,
2026-08-08,fx_bank_sell,Tỷ giá USD NHTM bán ra,26410.0,VND/USD,ty_gia,Ngày 07/08/2026,https://data.vietnambiz.vn/currency-interest-rate,
2026-08-08,fx_central,Tỷ giá trung tâm,25463.0,VND/USD,ty_gia,Ngày 07/08/2026,https://data.vietnambiz.vn/currency-interest-rate,
2026-08-08,fx_free_sell,Tỷ giá USD tự do bán ra,26100.0,VND/USD,ty_gia,Ngày 07/08/2026,https://data.vietnambiz.vn/currency-interest-rate,
2026-08-08,interbank_1m,Lãi suất liên ngân hàng _1M,7.14,%/năm,lien_nh,05/08/2026,https://data.vietnambiz.vn/currency-interest-rate,
2026-08-08,interbank_1w,Lãi suất liên ngân hàng _1W,5.53,%/năm,lien_nh,05/08/2026,https://data.vietnambiz.vn/currency-interest-rate,
2026-08-08,interbank_2w,Lãi suất liên ngân hàng _2W,5.6,%/năm,lien_nh,05/08/2026,https://data.vietnambiz.vn/currency-interest-rate,
2026-08-08,interbank_3m,Lãi suất liên ngân hàng _3M,7.18,%/năm,lien_nh,05/08/2026,https://data.vietnambiz.vn/currency-interest-rate,
2026-08-08,interbank_on,Lãi suất liên ngân hàng _ON,4.83,%/năm,lien_nh,05/08/2026,https://data.vietnambiz.vn/currency-interest-rate,
2026-08-08,m2_yoy,Tăng trưởng cung tiền M2 (YoY),5.2803,%,tang_truong,Tháng 05/2026,https://data.vietnambiz.vn/currency-interest-rate,
2026-08-08,omo_rate,Lãi suất OMO,4.5,%/năm,dieu_hanh,Ngày 07/08/2026,https://data.vietnambiz.vn/currency-interest-rate,
2026-08-08,refi_rate,Lãi suất tái cấp vốn,4.5,%/năm,dieu_hanh,Ngày 03/02/2025,https://data.vietnambiz.vn/currency-interest-rate,
2026-08-08,tin_phieu_rate,Lãi suất tín phiếu,3.4,%/năm,dieu_hanh,Ngày 16/07/2025,https://data.vietnambiz.vn/currency-interest-rate,
2026-08-09,credit_yoy,Tăng trưởng tín dụng (YoY),17.4052,%,tang_truong,Tháng 06/2026,https://data.vietnambiz.vn/currency-interest-rate,
2026-08-09,dep_12m,Lãi suất huy động 12 tháng nhóm NHTM lớn,5.9125,%/năm,huy_dong,Ngày 07/08/2026,https://data.vietnambiz.vn/currency-interest-rate,
2026-08-09,dep_1_3m,Lãi suất huy động 1-3 tháng nhóm NHTM lớn,4.1875,%/năm,huy_dong,Ngày 07/08/2026,https://data.vietnambiz.vn/currency-interest-rate,
2026-08-09,dep_6_9m,Lãi suất huy động 6-9 tháng nhóm NHTM lớn,5.2875,%/năm,huy_dong,Ngày 07/08/2026,https://data.vietnambiz.vn/currency-interest-rate,
2026-08-09,deposit_yoy,Tăng trưởng huy động (YoY),10.7567,%,tang_truong,Tháng 05/2026,https://data.vietnambiz.vn/currency-interest-rate,
2026-08-09,discount_rate,Lãi suất chiết khấu,3.0,%/năm,dieu_hanh,Ngày 03/02/2025,https://data.vietnambiz.vn/currency-interest-rate,
2026-08-09,fx_bank_sell,Tỷ giá USD NHTM bán ra,26410.0,VND/USD,ty_gia,Ngày 07/08/2026,https://data.vietnambiz.vn/currency-interest-rate,
2026-08-09,fx_central,Tỷ giá trung tâm,25463.0,VND/USD,ty_gia,Ngày 07/08/2026,https://data.vietnambiz.vn/currency-interest-rate,
2026-08-09,fx_free_sell,Tỷ giá USD tự do bán ra,26100.0,VND/USD,ty_gia,Ngày 07/08/2026,https://data.vietnambiz.vn/currency-interest-rate,
2026-08-09,interbank_1m,Lãi suất liên ngân hàng _1M,7.14,%/năm,lien_nh,05/08/2026,https://data.vietnambiz.vn/currency-interest-rate,
2026-08-09,interbank_1w,Lãi suất liên ngân hàng _1W,5.53,%/năm,lien_nh,05/08/2026,https://data.vietnambiz.vn/currency-interest-rate,
2026-08-09,interbank_2w,Lãi suất liên ngân hàng _2W,5.6,%/năm,lien_nh,05/08/2026,https://data.vietnambiz.vn/currency-interest-rate,
2026-08-09,interbank_3m,Lãi suất liên ngân hàng _3M,7.18,%/năm,lien_nh,05/08/2026,https://data.vietnambiz.vn/currency-interest-rate,
2026-08-09,interbank_on,Lãi suất liên ngân hàng _ON,4.83,%/năm,lien_nh,05/08/2026,https://data.vietnambiz.vn/currency-interest-rate,
2026-08-09,m2_yoy,Tăng trưởng cung tiền M2 (YoY),5.2803,%,tang_truong,Tháng 05/2026,https://data.vietnambiz.vn/currency-interest-rate,
2026-08-09,omo_rate,Lãi suất OMO,4.5,%/năm,dieu_hanh,Ngày 07/08/2026,https://data.vietnambiz.vn/currency-interest-rate,
2026-08-09,refi_rate,Lãi suất tái cấp vốn,4.5,%/năm,dieu_hanh,Ngày 03/02/2025,https://data.vietnambiz.vn/currency-interest-rate,
2026-08-09,tin_phieu_rate,Lãi suất tín phiếu,3.4,%/năm,dieu_hanh,Ngày 16/07/2025,https://data.vietnambiz.vn/currency-interest-rate,
2026-08-10,credit_yoy,Tăng trưởng tín dụng (YoY),17.4052,%,tang_truong,Tháng 06/2026,https://data.vietnambiz.vn/currency-interest-rate,
2026-08-10,dep_12m,Lãi suất huy động 12 tháng nhóm NHTM lớn,5.9125,%/năm,huy_dong,Ngày 10/08/2026,https://data.vietnambiz.vn/currency-interest-rate,
2026-08-10,dep_1_3m,Lãi suất huy động 1-3 tháng nhóm NHTM lớn,4.1875,%/năm,huy_dong,Ngày 10/08/2026,https://data.vietnambiz.vn/currency-interest-rate,
2026-08-10,dep_6_9m,Lãi suất huy động 6-9 tháng nhóm NHTM lớn,5.2875,%/năm,huy_dong,Ngày 10/08/2026,https://data.vietnambiz.vn/currency-interest-rate,
2026-08-10,deposit_yoy,Tăng trưởng huy động (YoY),10.7567,%,tang_truong,Tháng 05/2026,https://data.vietnambiz.vn/currency-interest-rate,
2026-08-10,discount_rate,Lãi suất chiết khấu,3.0,%/năm,dieu_hanh,Ngày 03/02/2025,https://data.vietnambiz.vn/currency-interest-rate,
2026-08-10,fx_bank_sell,Tỷ giá USD NHTM bán ra,26350.0,VND/USD,ty_gia,Ngày 10/08/2026,https://data.vietnambiz.vn/currency-interest-rate,
2026-08-10,fx_central,Tỷ giá trung tâm,25491.0,VND/USD,ty_gia,Ngày 10/08/2026,https://data.vietnambiz.vn/currency-interest-rate,
2026-08-10,fx_free_sell,Tỷ giá USD tự do bán ra,25830.0,VND/USD,ty_gia,Ngày 10/08/2026,https://data.vietnambiz.vn/currency-interest-rate,
2026-08-10,interbank_1m,Lãi suất liên ngân hàng _1M,6.87,%/năm,lien_nh,06/08/2026,https://data.vietnambiz.vn/currency-interest-rate,
2026-08-10,interbank_1w,Lãi suất liên ngân hàng _1W,5.12,%/năm,lien_nh,06/08/2026,https://data.vietnambiz.vn/currency-interest-rate,
2026-08-10,interbank_2w,Lãi suất liên ngân hàng _2W,6.09,%/năm,lien_nh,06/08/2026,https://data.vietnambiz.vn/currency-interest-rate,
2026-08-10,interbank_3m,Lãi suất liên ngân hàng _3M,6.9,%/năm,lien_nh,06/08/2026,https://data.vietnambiz.vn/currency-interest-rate,
2026-08-10,interbank_on,Lãi suất liên ngân hàng _ON,4.58,%/năm,lien_nh,06/08/2026,https://data.vietnambiz.vn/currency-interest-rate,
2026-08-10,m2_yoy,Tăng trưởng cung tiền M2 (YoY),5.2803,%,tang_truong,Tháng 05/2026,https://data.vietnambiz.vn/currency-interest-rate,
2026-08-10,omo_rate,Lãi suất OMO,4.5,%/năm,dieu_hanh,Ngày 10/08/2026,https://data.vietnambiz.vn/currency-interest-rate,
2026-08-10,refi_rate,Lãi suất tái cấp vốn,4.5,%/năm,dieu_hanh,Ngày 03/02/2025,https://data.vietnambiz.vn/currency-interest-rate,
2026-08-10,tin_phieu_rate,Lãi suất tín phiếu,3.4,%/năm,dieu_hanh,Ngày 16/07/2025,https://data.vietnambiz.vn/currency-interest-rate,
2026-08-11,credit_yoy,Tăng trưởng tín dụng (YoY),17.4052,%,tang_truong,Tháng 06/2026,https://data.vietnambiz.vn/currency-interest-rate,
2026-08-11,dep_12m,Lãi suất huy động 12 tháng nhóm NHTM lớn,5.9125,%/năm,huy_dong,Ngày 11/08/2026,https://data.vietnambiz.vn/currency-interest-rate,
2026-08-11,dep_1_3m,Lãi suất huy động 1-3 tháng nhóm NHTM lớn,4.1875,%/năm,huy_dong,Ngày 11/08/2026,https://data.vietnambiz.vn/currency-interest-rate,
2026-08-11,dep_6_9m,Lãi suất huy động 6-9 tháng nhóm NHTM lớn,5.2875,%/năm,huy_dong,Ngày 11/08/2026,https://data.vietnambiz.vn/currency-interest-rate,
2026-08-11,deposit_yoy,Tăng trưởng huy động (YoY),10.7567,%,tang_truong,Tháng 05/2026,https://data.vietnambiz.vn/currency-interest-rate,
2026-08-11,discount_rate,Lãi suất chiết khấu,3.0,%/năm,dieu_hanh,Ngày 03/02/2025,https://data.vietnambiz.vn/currency-interest-rate,
2026-08-11,fx_bank_sell,Tỷ giá USD NHTM bán ra,26320.0,VND/USD,ty_gia,Ngày 11/08/2026,https://data.vietnambiz.vn/currency-interest-rate,
2026-08-11,fx_central,Tỷ giá trung tâm,25516.0,VND/USD,ty_gia,Ngày 11/08/2026,https://data.vietnambiz.vn/currency-interest-rate,
2026-08-11,fx_free_sell,Tỷ giá USD tự do bán ra,25710.0,VND/USD,ty_gia,Ngày 11/08/2026,https://data.vietnambiz.vn/currency-interest-rate,
2026-08-11,interbank_1m,Lãi suất liên ngân hàng _1M,6.85,%/năm,lien_nh,11/08/2026,https://data.vietnambiz.vn/currency-interest-rate,
2026-08-11,interbank_1w,Lãi suất liên ngân hàng _1W,6.06,%/năm,lien_nh,11/08/2026,https://data.vietnambiz.vn/currency-interest-rate,
2026-08-11,interbank_2w,Lãi suất liên ngân hàng _2W,6.36,%/năm,lien_nh,11/08/2026,https://data.vietnambiz.vn/currency-interest-rate,
2026-08-11,interbank_3m,Lãi suất liên ngân hàng _3M,7.18,%/năm,lien_nh,11/08/2026,https://data.vietnambiz.vn/currency-interest-rate,
2026-08-11,interbank_on,Lãi suất liên ngân hàng _ON,5.97,%/năm,lien_nh,11/08/2026,https://data.vietnambiz.vn/currency-interest-rate,
2026-08-11,m2_yoy,Tăng trưởng cung tiền M2 (YoY),5.2803,%,tang_truong,Tháng 05/2026,https://data.vietnambiz.vn/currency-interest-rate,
2026-08-11,omo_rate,Lãi suất OMO,4.5,%/năm,dieu_hanh,Ngày 11/08/2026,https://data.vietnambiz.vn/currency-interest-rate,
2026-08-11,refi_rate,Lãi suất tái cấp vốn,4.5,%/năm,dieu_hanh,Ngày 03/02/2025,https://data.vietnambiz.vn/currency-interest-rate,
2026-08-11,tin_phieu_rate,Lãi suất tín phiếu,3.4,%/năm,dieu_hanh,Ngày 16/07/2025,https://data.vietnambiz.vn/currency-interest-rate,
2026-08-12,credit_yoy,Tăng trưởng tín dụng (YoY),17.4052,%,tang_truong,Tháng 06/2026,https://data.vietnambiz.vn/currency-interest-rate,
2026-08-12,dep_12m,Lãi suất huy động 12 tháng nhóm NHTM lớn,5.9125,%/năm,huy_dong,Ngày 12/08/2026,https://data.vietnambiz.vn/currency-interest-rate,
2026-08-12,dep_1_3m,Lãi suất huy động 1-3 tháng nhóm NHTM lớn,4.1875,%/năm,huy_dong,Ngày 12/08/2026,https://data.vietnambiz.vn/currency-interest-rate,
2026-08-12,dep_6_9m,Lãi suất huy động 6-9 tháng nhóm NHTM lớn,5.2875,%/năm,huy_dong,Ngày 12/08/2026,https://data.vietnambiz.vn/currency-interest-rate,
2026-08-12,deposit_yoy,Tăng trưởng huy động (YoY),10.7567,%,tang_truong,Tháng 05/2026,https://data.vietnambiz.vn/currency-interest-rate,
2026-08-12,discount_rate,Lãi suất chiết khấu,3.0,%/năm,dieu_hanh,Ngày 03/02/2025,https://data.vietnambiz.vn/currency-interest-rate,
2026-08-12,fx_bank_sell,Tỷ giá USD NHTM bán ra,26270.0,VND/USD,ty_gia,Ngày 12/08/2026,https://data.vietnambiz.vn/currency-interest-rate,
2026-08-12,fx_central,Tỷ giá trung tâm,25539.0,VND/USD,ty_gia,Ngày 12/08/2026,https://data.vietnambiz.vn/currency-interest-rate,
2026-08-12,fx_free_sell,Tỷ giá USD tự do bán ra,25800.0,VND/USD,ty_gia,Ngày 12/08/2026,https://data.vietnambiz.vn/currency-interest-rate,
2026-08-12,interbank_1m,Lãi suất liên ngân hàng _1M,6.8,%/năm,lien_nh,12/08/2026,https://data.vietnambiz.vn/currency-interest-rate,
2026-08-12,interbank_1w,Lãi suất liên ngân hàng _1W,6.24,%/năm,lien_nh,12/08/2026,https://data.vietnambiz.vn/currency-interest-rate,
2026-08-12,interbank_2w,Lãi suất liên ngân hàng _2W,6.41,%/năm,lien_nh,12/08/2026,https://data.vietnambiz.vn/currency-interest-rate,
2026-08-12,interbank_3m,Lãi suất liên ngân hàng _3M,7.13,%/năm,lien_nh,12/08/2026,https://data.vietnambiz.vn/currency-interest-rate,
2026-08-12,interbank_on,Lãi suất liên ngân hàng _ON,6.09,%/năm,lien_nh,12/08/2026,https://data.vietnambiz.vn/currency-interest-rate,
2026-08-12,m2_yoy,Tăng trưởng cung tiền M2 (YoY),5.2803,%,tang_truong,Tháng 05/2026,https://data.vietnambiz.vn/currency-interest-rate,
2026-08-12,omo_rate,Lãi suất OMO,4.5,%/năm,dieu_hanh,Ngày 12/08/2026,https://data.vietnambiz.vn/currency-interest-rate,
2026-08-12,refi_rate,Lãi suất tái cấp vốn,4.5,%/năm,dieu_hanh,Ngày 03/02/2025,https://data.vietnambiz.vn/currency-interest-rate,
2026-08-12,tin_phieu_rate,Lãi suất tín phiếu,3.4,%/năm,dieu_hanh,Ngày 16/07/2025,https://data.vietnambiz.vn/currency-interest-rate,
2026-08-13,credit_yoy,Tăng trưởng tín dụng (YoY),17.4052,%,tang_truong,Tháng 06/2026,https://data.vietnambiz.vn/currency-interest-rate,
2026-08-13,dep_12m,Lãi suất huy động 12 tháng nhóm NHTM lớn,5.9125,%/năm,huy_dong,Ngày 13/08/2026,https://data.vietnambiz.vn/currency-interest-rate,
2026-08-13,dep_1_3m,Lãi suất huy động 1-3 tháng nhóm NHTM lớn,4.1875,%/năm,huy_dong,Ngày 13/08/2026,https://data.vietnambiz.vn/currency-interest-rate,
2026-08-13,dep_6_9m,Lãi suất huy động 6-9 tháng nhóm NHTM lớn,5.2875,%/năm,huy_dong,Ngày 13/08/2026,https://data.vietnambiz.vn/currency-interest-rate,
2026-08-13,deposit_yoy,Tăng trưởng huy động (YoY),10.7567,%,tang_truong,Tháng 05/2026,https://data.vietnambiz.vn/currency-interest-rate,
2026-08-13,discount_rate,Lãi suất chiết khấu,3.0,%/năm,dieu_hanh,Ngày 03/02/2025,https://data.vietnambiz.vn/currency-interest-rate,
2026-08-13,fx_bank_sell,Tỷ giá USD NHTM bán ra,26250.0,VND/USD,ty_gia,Ngày 13/08/2026,https://data.vietnambiz.vn/currency-interest-rate,
2026-08-13,fx_central,Tỷ giá trung tâm,25566.0,VND/USD,ty_gia,Ngày 13/08/2026,https://data.vietnambiz.vn/currency-interest-rate,
2026-08-13,fx_free_sell,Tỷ giá USD tự do bán ra,25990.0,VND/USD,ty_gia,Ngày 13/08/2026,https://data.vietnambiz.vn/currency-interest-rate,
2026-08-13,interbank_1m,Lãi suất liên ngân hàng _1M,6.63,%/năm,lien_nh,11/08/2026,https://data.vietnambiz.vn/currency-interest-rate,
2026-08-13,interbank_1w,Lãi suất liên ngân hàng _1W,5.76,%/năm,lien_nh,11/08/2026,https://data.vietnambiz.vn/currency-interest-rate,
2026-08-13,interbank_2w,Lãi suất liên ngân hàng _2W,6.28,%/năm,lien_nh,11/08/2026,https://data.vietnambiz.vn/currency-interest-rate,
2026-08-13,interbank_3m,Lãi suất liên ngân hàng _3M,7.37,%/năm,lien_nh,11/08/2026,https://data.vietnambiz.vn/currency-interest-rate,
2026-08-13,interbank_on,Lãi suất liên ngân hàng _ON,5.26,%/năm,lien_nh,11/08/2026,https://data.vietnambiz.vn/currency-interest-rate,
2026-08-13,m2_yoy,Tăng trưởng cung tiền M2 (YoY),5.2803,%,tang_truong,Tháng 05/2026,https://data.vietnambiz.vn/currency-interest-rate,
2026-08-13,omo_rate,Lãi suất OMO,4.5,%/năm,dieu_hanh,Ngày 13/08/2026,https://data.vietnambiz.vn/currency-interest-rate,
2026-08-13,refi_rate,Lãi suất tái cấp vốn,4.5,%/năm,dieu_hanh,Ngày 03/02/2025,https://data.vietnambiz.vn/currency-interest-rate,
2026-08-13,tin_phieu_rate,Lãi suất tín phiếu,3.4,%/năm,dieu_hanh,Ngày 16/07/2025,https://data.vietnambiz.vn/currency-interest-rate,
2026-08-14,credit_yoy,Tăng trưởng tín dụng (YoY),17.4052,%,tang_truong,Tháng 06/2026,https://data.vietnambiz.vn/currency-interest-rate,
2026-08-14,dep_12m,Lãi suất huy động 12 tháng nhóm NHTM lớn,5.9125,%/năm,huy_dong,Ngày 14/08/2026,https://data.vietnambiz.vn/currency-interest-rate,
2026-08-14,dep_1_3m,Lãi suất huy động 1-3 tháng nhóm NHTM lớn,4.1875,%/năm,huy_dong,Ngày 14/08/2026,https://data.vietnambiz.vn/currency-interest-rate,
2026-08-14,dep_6_9m,Lãi suất huy động 6-9 tháng nhóm NHTM lớn,5.2875,%/năm,huy_dong,Ngày 14/08/2026,https://data.vietnambiz.vn/currency-interest-rate,
2026-08-14,deposit_yoy,Tăng trưởng huy động (YoY),10.7567,%,tang_truong,Tháng 05/2026,https://data.vietnambiz.vn/currency-interest-rate,
2026-08-14,discount_rate,Lãi suất chiết khấu,3.0,%/năm,dieu_hanh,Ngày 03/02/2025,https://data.vietnambiz.vn/currency-interest-rate,
2026-08-14,fx_bank_sell,Tỷ giá USD NHTM bán ra,26330.0,VND/USD,ty_gia,Ngày 14/08/2026,https://data.vietnambiz.vn/currency-interest-rate,
2026-08-14,fx_central,Tỷ giá trung tâm,25561.0,VND/USD,ty_gia,Ngày 14/08/2026,https://data.vietnambiz.vn/currency-interest-rate,
2026-08-14,fx_free_sell,Tỷ giá USD tự do bán ra,25990.0,VND/USD,ty_gia,Ngày 14/08/2026,https://data.vietnambiz.vn/currency-interest-rate,
2026-08-14,interbank_1m,Lãi suất liên ngân hàng _1M,6.35,%/năm,lien_nh,12/08/2026,https://data.vietnambiz.vn/currency-interest-rate,
2026-08-14,interbank_1w,Lãi suất liên ngân hàng _1W,5.01,%/năm,lien_nh,12/08/2026,https://data.vietnambiz.vn/currency-interest-rate,
2026-08-14,interbank_2w,Lãi suất liên ngân hàng _2W,5.56,%/năm,lien_nh,12/08/2026,https://data.vietnambiz.vn/currency-interest-rate,
2026-08-14,interbank_3m,Lãi suất liên ngân hàng _3M,7.75,%/năm,lien_nh,12/08/2026,https://data.vietnambiz.vn/currency-interest-rate,
2026-08-14,interbank_on,Lãi suất liên ngân hàng _ON,4.47,%/năm,lien_nh,12/08/2026,https://data.vietnambiz.vn/currency-interest-rate,
2026-08-14,m2_yoy,Tăng trưởng cung tiền M2 (YoY),5.2803,%,tang_truong,Tháng 05/2026,https://data.vietnambiz.vn/currency-interest-rate,
2026-08-14,omo_rate,Lãi suất OMO,4.5,%/năm,dieu_hanh,Ngày 14/08/2026,https://data.vietnambiz.vn/currency-interest-rate,
2026-08-14,refi_rate,Lãi suất tái cấp vốn,4.5,%/năm,dieu_hanh,Ngày 03/02/2025,https://data.vietnambiz.vn/currency-interest-rate,
2026-08-14,tin_phieu_rate,Lãi suất tín phiếu,3.4,%/năm,dieu_hanh,Ngày 16/07/2025,https://data.vietnambiz.vn/currency-interest-rate,
2026-08-15,credit_yoy,Tăng trưởng tín dụng (YoY),17.4052,%,tang_truong,Tháng 06/2026,https://data.vietnambiz.vn/currency-interest-rate,
2026-08-15,dep_12m,Lãi suất huy động 12 tháng nhóm NHTM lớn,5.9125,%/năm,huy_dong,Ngày 14/08/2026,https://data.vietnambiz.vn/currency-interest-rate,
2026-08-15,dep_1_3m,Lãi suất huy động 1-3 tháng nhóm NHTM lớn,4.1875,%/năm,huy_dong,Ngày 14/08/2026,https://data.vietnambiz.vn/currency-interest-rate,
2026-08-15,dep_6_9m,Lãi suất huy động 6-9 tháng nhóm NHTM lớn,5.2875,%/năm,huy_dong,Ngày 14/08/2026,https://data.vietnambiz.vn/currency-interest-rate,
2026-08-15,deposit_yoy,Tăng trưởng huy động (YoY),10.7567,%,tang_truong,Tháng 05/2026,https://data.vietnambiz.vn/currency-interest-rate,
2026-08-15,discount_rate,Lãi suất chiết khấu,3.0,%/năm,dieu_hanh,Ngày 03/02/2025,https://data.vietnambiz.vn/currency-interest-rate,
2026-08-15,fx_bank_sell,Tỷ giá USD NHTM bán ra,26330.0,VND/USD,ty_gia,Ngày 14/08/2026,https://data.vietnambiz.vn/currency-interest-rate,
2026-08-15,fx_central,Tỷ giá trung tâm,25561.0,VND/USD,ty_gia,Ngày 14/08/2026,https://data.vietnambiz.vn/currency-interest-rate,
2026-08-15,fx_free_sell,Tỷ giá USD tự do bán ra,25990.0,VND/USD,ty_gia,Ngày 14/08/2026,https://data.vietnambiz.vn/currency-interest-rate,
2026-08-15,interbank_1m,Lãi suất liên ngân hàng _1M,6.51,%/năm,lien_nh,13/08/2026,https://data.vietnambiz.vn/currency-interest-rate,
2026-08-15,interbank_1w,Lãi suất liên ngân hàng _1W,4.68,%/năm,lien_nh,13/08/2026,https://data.vietnambiz.vn/currency-interest-rate,
2026-08-15,interbank_2w,Lãi suất liên ngân hàng _2W,5.82,%/năm,lien_nh,13/08/2026,https://data.vietnambiz.vn/currency-interest-rate,
2026-08-15,interbank_3m,Lãi suất liên ngân hàng _3M,7.21,%/năm,lien_nh,13/08/2026,https://data.vietnambiz.vn/currency-interest-rate,
2026-08-15,interbank_on,Lãi suất liên ngân hàng _ON,4.38,%/năm,lien_nh,13/08/2026,https://data.vietnambiz.vn/currency-interest-rate,
2026-08-15,m2_yoy,Tăng trưởng cung tiền M2 (YoY),5.2803,%,tang_truong,Tháng 05/2026,https://data.vietnambiz.vn/currency-interest-rate,
2026-08-15,omo_rate,Lãi suất OMO,4.5,%/năm,dieu_hanh,Ngày 14/08/2026,https://data.vietnambiz.vn/currency-interest-rate,
2026-08-15,refi_rate,Lãi suất tái cấp vốn,4.5,%/năm,dieu_hanh,Ngày 03/02/2025,https://data.vietnambiz.vn/currency-interest-rate,
2026-08-15,tin_phieu_rate,Lãi suất tín phiếu,3.4,%/năm,dieu_hanh,Ngày 16/07/2025,https://data.vietnambiz.vn/currency-interest-rate,
2026-08-16,credit_yoy,Tăng trưởng tín dụng (YoY),17.4052,%,tang_truong,Tháng 06/2026,https://data.vietnambiz.vn/currency-interest-rate,
2026-08-16,dep_12m,Lãi suất huy động 12 tháng nhóm NHTM lớn,5.9125,%/năm,huy_dong,Ngày 14/08/2026,https://data.vietnambiz.vn/currency-interest-rate,
2026-08-16,dep_1_3m,Lãi suất huy động 1-3 tháng nhóm NHTM lớn,4.1875,%/năm,huy_dong,Ngày 14/08/2026,https://data.vietnambiz.vn/currency-interest-rate,
2026-08-16,dep_6_9m,Lãi suất huy động 6-9 tháng nhóm NHTM lớn,5.2875,%/năm,huy_dong,Ngày 14/08/2026,https://data.vietnambiz.vn/currency-interest-rate,
2026-08-16,deposit_yoy,Tăng trưởng huy động (YoY),10.7567,%,tang_truong,Tháng 05/2026,https://data.vietnambiz.vn/currency-interest-rate,
2026-08-16,discount_rate,Lãi suất chiết khấu,3.0,%/năm,dieu_hanh,Ngày 03/02/2025,https://data.vietnambiz.vn/currency-interest-rate,
2026-08-16,fx_bank_sell,Tỷ giá USD NHTM bán ra,26330.0,VND/USD,ty_gia,Ngày 14/08/2026,https://data.vietnambiz.vn/currency-interest-rate,
2026-08-16,fx_central,Tỷ giá trung tâm,25561.0,VND/USD,ty_gia,Ngày 14/08/2026,https://data.vietnambiz.vn/currency-interest-rate,
2026-08-16,fx_free_sell,Tỷ giá USD tự do bán ra,25990.0,VND/USD,ty_gia,Ngày 14/08/2026,https://data.vietnambiz.vn/currency-interest-rate,
2026-08-16,interbank_1m,Lãi suất liên ngân hàng _1M,6.51,%/năm,lien_nh,13/08/2026,https://data.vietnambiz.vn/currency-interest-rate,
2026-08-16,interbank_1w,Lãi suất liên ngân hàng _1W,4.68,%/năm,lien_nh,13/08/2026,https://data.vietnambiz.vn/currency-interest-rate,
2026-08-16,interbank_2w,Lãi suất liên ngân hàng _2W,5.82,%/năm,lien_nh,13/08/2026,https://data.vietnambiz.vn/currency-interest-rate,
2026-08-16,interbank_3m,Lãi suất liên ngân hàng _3M,7.21,%/năm,lien_nh,13/08/2026,https://data.vietnambiz.vn/currency-interest-rate,
2026-08-16,interbank_on,Lãi suất liên ngân hàng _ON,4.38,%/năm,lien_nh,13/08/2026,https://data.vietnambiz.vn/currency-interest-rate,
2026-08-16,m2_yoy,Tăng trưởng cung tiền M2 (YoY),5.2803,%,tang_truong,Tháng 05/2026,https://data.vietnambiz.vn/currency-interest-rate,
2026-08-16,omo_rate,Lãi suất OMO,4.5,%/năm,dieu_hanh,Ngày 14/08/2026,https://data.vietnambiz.vn/currency-interest-rate,
2026-08-16,refi_rate,Lãi suất tái cấp vốn,4.5,%/năm,dieu_hanh,Ngày 03/02/2025,https://data.vietnambiz.vn/currency-interest-rate,
2026-08-16,tin_phieu_rate,Lãi suất tín phiếu,3.4,%/năm,dieu_hanh,Ngày 16/07/2025,https://data.vietnambiz.vn/currency-interest-rate,
2026-08-17,credit_yoy,Tăng trưởng tín dụng (YoY),17.4052,%,tang_truong,Tháng 06/2026,https://data.vietnambiz.vn/currency-interest-rate,
2026-08-17,dep_12m,Lãi suất huy động 12 tháng nhóm NHTM lớn,5.9125,%/năm,huy_dong,Ngày 17/08/2026,https://data.vietnambiz.vn/currency-interest-rate,
2026-08-17,dep_1_3m,Lãi suất huy động 1-3 tháng nhóm NHTM lớn,4.1875,%/năm,huy_dong,Ngày 17/08/2026,https://data.vietnambiz.vn/currency-interest-rate,
2026-08-17,dep_6_9m,Lãi suất huy động 6-9 tháng nhóm NHTM lớn,5.2875,%/năm,huy_dong,Ngày 17/08/2026,https://data.vietnambiz.vn/currency-interest-rate,
2026-08-17,deposit_yoy,Tăng trưởng huy động (YoY),10.7567,%,tang_truong,Tháng 05/2026,https://data.vietnambiz.vn/currency-interest-rate,
2026-08-17,discount_rate,Lãi suất chiết khấu,3.0,%/năm,dieu_hanh,Ngày 03/02/2025,https://data.vietnambiz.vn/currency-interest-rate,
2026-08-17,fx_bank_sell,Tỷ giá USD NHTM bán ra,26400.0,VND/USD,ty_gia,Ngày 17/08/2026,https://data.vietnambiz.vn/currency-interest-rate,
2026-08-17,fx_central,Tỷ giá trung tâm,25586.0,VND/USD,ty_gia,Ngày 17/08/2026,https://data.vietnambiz.vn/currency-interest-rate,
2026-08-17,fx_free_sell,Tỷ giá USD tự do bán ra,25950.0,VND/USD,ty_gia,Ngày 17/08/2026,https://data.vietnambiz.vn/currency-interest-rate,
2026-08-17,interbank_1m,Lãi suất liên ngân hàng _1M,6.51,%/năm,lien_nh,13/08/2026,https://data.vietnambiz.vn/currency-interest-rate,
2026-08-17,interbank_1w,Lãi suất liên ngân hàng _1W,4.68,%/năm,lien_nh,13/08/2026,https://data.vietnambiz.vn/currency-interest-rate,
2026-08-17,interbank_2w,Lãi suất liên ngân hàng _2W,5.82,%/năm,lien_nh,13/08/2026,https://data.vietnambiz.vn/currency-interest-rate,
2026-08-17,interbank_3m,Lãi suất liên ngân hàng _3M,7.21,%/năm,lien_nh,13/08/2026,https://data.vietnambiz.vn/currency-interest-rate,
2026-08-17,interbank_on,Lãi suất liên ngân hàng _ON,4.38,%/năm,lien_nh,13/08/2026,https://data.vietnambiz.vn/currency-interest-rate,
2026-08-17,m2_yoy,Tăng trưởng cung tiền M2 (YoY),5.2803,%,tang_truong,Tháng 05/2026,https://data.vietnambiz.vn/currency-interest-rate,
2026-08-17,omo_rate,Lãi suất OMO,4.5,%/năm,dieu_hanh,Ngày 17/08/2026,https://data.vietnambiz.vn/currency-interest-rate,
2026-08-17,refi_rate,Lãi suất tái cấp vốn,4.5,%/năm,dieu_hanh,Ngày 03/02/2025,https://data.vietnambiz.vn/currency-interest-rate,
2026-08-17,tin_phieu_rate,Lãi suất tín phiếu,3.4,%/năm,dieu_hanh,Ngày 16/07/2025,https://data.vietnambiz.vn/currency-interest-rate,
2026-08-18,credit_yoy,Tăng trưởng tín dụng (YoY),17.4052,%,tang_truong,Tháng 06/2026,https://data.vietnambiz.vn/currency-interest-rate,
2026-08-18,dep_12m,Lãi suất huy động 12 tháng nhóm NHTM lớn,5.9125,%/năm,huy_dong,Ngày 18/08/2026,https://data.vietnambiz.vn/currency-interest-rate,
2026-08-18,dep_1_3m,Lãi suất huy động 1-3 tháng nhóm NHTM lớn,4.1875,%/năm,huy_dong,Ngày 18/08/2026,https://data.vietnambiz.vn/currency-interest-rate,
2026-08-18,dep_6_9m,Lãi suất huy động 6-9 tháng nhóm NHTM lớn,5.2875,%/năm,huy_dong,Ngày 18/08/2026,https://data.vietnambiz.vn/currency-interest-rate,
2026-08-18,deposit_yoy,Tăng trưởng huy động (YoY),10.7567,%,tang_truong,Tháng 05/2026,https://data.vietnambiz.vn/currency-interest-rate,
2026-08-18,discount_rate,Lãi suất chiết khấu,3.0,%/năm,dieu_hanh,Ngày 03/02/2025,https://data.vietnambiz.vn/currency-interest-rate,
2026-08-18,fx_bank_sell,Tỷ giá USD NHTM bán ra,26380.0,VND/USD,ty_gia,Ngày 18/08/2026,https://data.vietnambiz.vn/currency-interest-rate,
2026-08-18,fx_central,Tỷ giá trung tâm,25580.0,VND/USD,ty_gia,Ngày 18/08/2026,https://data.vietnambiz.vn/currency-interest-rate,
2026-08-18,fx_free_sell,Tỷ giá USD tự do bán ra,25800.0,VND/USD,ty_gia,Ngày 18/08/2026,https://data.vietnambiz.vn/currency-interest-rate,
2026-08-18,interbank_1m,Lãi suất liên ngân hàng _1M,6.46,%/năm,lien_nh,14/08/2026,https://data.vietnambiz.vn/currency-interest-rate,
2026-08-18,interbank_1w,Lãi suất liên ngân hàng _1W,5.04,%/năm,lien_nh,14/08/2026,https://data.vietnambiz.vn/currency-interest-rate,
2026-08-18,interbank_2w,Lãi suất liên ngân hàng _2W,5.38,%/năm,lien_nh,14/08/2026,https://data.vietnambiz.vn/currency-interest-rate,
2026-08-18,interbank_3m,Lãi suất liên ngân hàng _3M,6.95,%/năm,lien_nh,14/08/2026,https://data.vietnambiz.vn/currency-interest-rate,
2026-08-18,interbank_on,Lãi suất liên ngân hàng _ON,4.91,%/năm,lien_nh,14/08/2026,https://data.vietnambiz.vn/currency-interest-rate,
2026-08-18,m2_yoy,Tăng trưởng cung tiền M2 (YoY),5.2803,%,tang_truong,Tháng 05/2026,https://data.vietnambiz.vn/currency-interest-rate,
2026-08-18,omo_rate,Lãi suất OMO,4.5,%/năm,dieu_hanh,Ngày 18/08/2026,https://data.vietnambiz.vn/currency-interest-rate,
2026-08-18,refi_rate,Lãi suất tái cấp vốn,4.5,%/năm,dieu_hanh,Ngày 03/02/2025,https://data.vietnambiz.vn/currency-interest-rate,
2026-08-18,tin_phieu_rate,Lãi suất tín phiếu,3.4,%/năm,dieu_hanh,Ngày 16/07/2025,https://data.vietnambiz.vn/currency-interest-rate,
2026-08-19,credit_yoy,Tăng trưởng tín dụng (YoY),17.4052,%,tang_truong,Tháng 06/2026,https://data.vietnambiz.vn/currency-interest-rate,
2026-08-19,dep_12m,Lãi suất huy động 12 tháng nhóm NHTM lớn,5.9125,%/năm,huy_dong,Ngày 19/08/2026,https://data.vietnambiz.vn/currency-interest-rate,
2026-08-19,dep_1_3m,Lãi suất huy động 1-3 tháng nhóm NHTM lớn,4.1875,%/năm,huy_dong,Ngày 19/08/2026,https://data.vietnambiz.vn/currency-interest-rate,
2026-08-19,dep_6_9m,Lãi suất huy động 6-9 tháng nhóm NHTM lớn,5.2875,%/năm,huy_dong,Ngày 19/08/2026,https://data.vietnambiz.vn/currency-interest-rate,
2026-08-19,deposit_yoy,Tăng trưởng huy động (YoY),10.7567,%,tang_truong,Tháng 05/2026,https://data.vietnambiz.vn/currency-interest-rate,
2026-08-19,discount_rate,Lãi suất chiết khấu,3.0,%/năm,dieu_hanh,Ngày 03/02/2025,https://data.vietnambiz.vn/currency-interest-rate,
2026-08-19,fx_bank_sell,Tỷ giá USD NHTM bán ra,26370.0,VND/USD,ty_gia,Ngày 19/08/2026,https://data.vietnambiz.vn/currency-interest-rate,
2026-08-19,fx_central,Tỷ giá trung tâm,25598.0,VND/USD,ty_gia,Ngày 19/08/2026,https://data.vietnambiz.vn/currency-interest-rate,
2026-08-19,fx_free_sell,Tỷ giá USD tự do bán ra,25800.0,VND/USD,ty_gia,Ngày 19/08/2026,https://data.vietnambiz.vn/currency-interest-rate,
2026-08-19,interbank_1m,Lãi suất liên ngân hàng _1M,6.46,%/năm,lien_nh,14/08/2026,https://data.vietnambiz.vn/currency-interest-rate,
2026-08-19,interbank_1w,Lãi suất liên ngân hàng _1W,5.04,%/năm,lien_nh,14/08/2026,https://data.vietnambiz.vn/currency-interest-rate,
2026-08-19,interbank_2w,Lãi suất liên ngân hàng _2W,5.38,%/năm,lien_nh,14/08/2026,https://data.vietnambiz.vn/currency-interest-rate,
2026-08-19,interbank_3m,Lãi suất liên ngân hàng _3M,6.95,%/năm,lien_nh,14/08/2026,https://data.vietnambiz.vn/currency-interest-rate,
2026-08-19,interbank_on,Lãi suất liên ngân hàng _ON,4.91,%/năm,lien_nh,14/08/2026,https://data.vietnambiz.vn/currency-interest-rate,
2026-08-19,m2_yoy,Tăng trưởng cung tiền M2 (YoY),5.2803,%,tang_truong,Tháng 05/2026,https://data.vietnambiz.vn/currency-interest-rate,
2026-08-19,omo_rate,Lãi suất OMO,4.5,%/năm,dieu_hanh,Ngày 19/08/2026,https://data.vietnambiz.vn/currency-interest-rate,
2026-08-19,refi_rate,Lãi suất tái cấp vốn,4.5,%/năm,dieu_hanh,Ngày 03/02/2025,https://data.vietnambiz.vn/currency-interest-rate,
2026-08-19,tin_phieu_rate,Lãi suất tín phiếu,3.4,%/năm,dieu_hanh,Ngày 16/07/2025,https://data.vietnambiz.vn/currency-interest-rate,
2026-08-20,credit_yoy,Tăng trưởng tín dụng (YoY),17.4052,%,tang_truong,Tháng 06/2026,https://data.vietnambiz.vn/currency-interest-rate,
2026-08-20,dep_12m,Lãi suất huy động 12 tháng nhóm NHTM lớn,5.9125,%/năm,huy_dong,Ngày 20/08/2026,https://data.vietnambiz.vn/currency-interest-rate,
2026-08-20,dep_1_3m,Lãi suất huy động 1-3 tháng nhóm NHTM lớn,4.1875,%/năm,huy_dong,Ngày 20/08/2026,https://data.vietnambiz.vn/currency-interest-rate,
2026-08-20,dep_6_9m,Lãi suất huy động 6-9 tháng nhóm NHTM lớn,5.2875,%/năm,huy_dong,Ngày 20/08/2026,https://data.vietnambiz.vn/currency-interest-rate,
2026-08-20,deposit_yoy,Tăng trưởng huy động (YoY),10.7567,%,tang_truong,Tháng 05/2026,https://data.vietnambiz.vn/currency-interest-rate,
2026-08-20,discount_rate,Lãi suất chiết khấu,3.0,%/năm,dieu_hanh,Ngày 03/02/2025,https://data.vietnambiz.vn/currency-interest-rate,
2026-08-20,fx_bank_sell,Tỷ giá USD NHTM bán ra,26310.0,VND/USD,ty_gia,Ngày 20/08/2026,https://data.vietnambiz.vn/currency-interest-rate,2026-08-20T10:22:21
2026-08-20,fx_central,Tỷ giá trung tâm,25590.0,VND/USD,ty_gia,Ngày 20/08/2026,https://data.vietnambiz.vn/currency-interest-rate,2026-08-20T10:22:21
2026-08-20,fx_free_sell,Tỷ giá USD tự do bán ra,25900.0,VND/USD,ty_gia,Ngày 20/08/2026,https://data.vietnambiz.vn/currency-interest-rate,2026-08-20T10:22:21
2026-08-20,interbank_1m,Lãi suất liên ngân hàng 1 tháng,6.45,%/năm,lien_nh,18/08/2026,https://finance.vietstock.vn/vi-mo/du-lieu/lai-suat-lien-ngan-hang-vnibor-66,2026-08-20T10:22:22
2026-08-20,interbank_1w,Lãi suất liên ngân hàng 1 tuần,5.18,%/năm,lien_nh,18/08/2026,https://finance.vietstock.vn/vi-mo/du-lieu/lai-suat-lien-ngan-hang-vnibor-66,2026-08-20T10:22:22
2026-08-20,interbank_2w,Lãi suất liên ngân hàng 2 tuần,5.85,%/năm,lien_nh,18/08/2026,https://finance.vietstock.vn/vi-mo/du-lieu/lai-suat-lien-ngan-hang-vnibor-66,2026-08-20T10:22:22
2026-08-20,interbank_3m,Lãi suất liên ngân hàng 3 tháng,7.76,%/năm,lien_nh,18/08/2026,https://finance.vietstock.vn/vi-mo/du-lieu/lai-suat-lien-ngan-hang-vnibor-66,2026-08-20T10:22:22
2026-08-20,interbank_on,Lãi suất liên ngân hàng qua đêm (ON),4.89,%/năm,lien_nh,18/08/2026,https://finance.vietstock.vn/vi-mo/du-lieu/lai-suat-lien-ngan-hang-vnibor-66,2026-08-20T10:22:22
2026-08-20,m2_yoy,Tăng trưởng cung tiền M2 (YoY),5.2803,%,tang_truong,Tháng 05/2026,https://data.vietnambiz.vn/currency-interest-rate,
2026-08-20,omo_rate,Lãi suất OMO,4.5,%/năm,dieu_hanh,Ngày 20/08/2026,https://data.vietnambiz.vn/currency-interest-rate,
2026-08-20,refi_rate,Lãi suất tái cấp vốn,4.5,%/năm,dieu_hanh,Ngày 03/02/2025,https://data.vietnambiz.vn/currency-interest-rate,
2026-08-20,tin_phieu_rate,Lãi suất tín phiếu,3.4,%/năm,dieu_hanh,Ngày 16/07/2025,https://data.vietnambiz.vn/currency-interest-rate,
2026-08-21,credit_yoy,Tăng trưởng tín dụng (YoY),17.4052,%,tang_truong,Tháng 06/2026,https://data.vietnambiz.vn/currency-interest-rate,
2026-08-21,dep_12m,Lãi suất huy động 12 tháng nhóm NHTM lớn,5.9125,%/năm,huy_dong,Ngày 21/08/2026,https://data.vietnambiz.vn/currency-interest-rate,
2026-08-21,dep_1_3m,Lãi suất huy động 1-3 tháng nhóm NHTM lớn,4.1875,%/năm,huy_dong,Ngày 21/08/2026,https://data.vietnambiz.vn/currency-interest-rate,
2026-08-21,dep_6_9m,Lãi suất huy động 6-9 tháng nhóm NHTM lớn,5.2875,%/năm,huy_dong,Ngày 21/08/2026,https://data.vietnambiz.vn/currency-interest-rate,
2026-08-21,deposit_yoy,Tăng trưởng huy động (YoY),10.7567,%,tang_truong,Tháng 05/2026,https://data.vietnambiz.vn/currency-interest-rate,
2026-08-21,discount_rate,Lãi suất chiết khấu,3.0,%/năm,dieu_hanh,Ngày 03/02/2025,https://data.vietnambiz.vn/currency-interest-rate,
2026-08-21,fx_bank_sell,Tỷ giá USD NHTM bán ra,26280.0,VND/USD,ty_gia,Ngày 21/08/2026,https://data.vietnambiz.vn/currency-interest-rate,2026-08-21T10:22:20
2026-08-21,fx_central,Tỷ giá trung tâm,25600.0,VND/USD,ty_gia,Ngày 21/08/2026,https://data.vietnambiz.vn/currency-interest-rate,2026-08-21T10:22:20
2026-08-21,fx_free_sell,Tỷ giá USD tự do bán ra,25910.0,VND/USD,ty_gia,Ngày 21/08/2026,https://data.vietnambiz.vn/currency-interest-rate,2026-08-21T10:22:20
2026-08-21,interbank_1m,Lãi suất liên ngân hàng 1 tháng,6.97,%/năm,lien_nh,19/08/2026,https://finance.vietstock.vn/vi-mo/du-lieu/lai-suat-lien-ngan-hang-vnibor-66,2026-08-21T10:22:21
2026-08-21,interbank_1w,Lãi suất liên ngân hàng 1 tuần,4.48,%/năm,lien_nh,19/08/2026,https://finance.vietstock.vn/vi-mo/du-lieu/lai-suat-lien-ngan-hang-vnibor-66,2026-08-21T10:22:21
2026-08-21,interbank_2w,Lãi suất liên ngân hàng 2 tuần,5.91,%/năm,lien_nh,19/08/2026,https://finance.vietstock.vn/vi-mo/du-lieu/lai-suat-lien-ngan-hang-vnibor-66,2026-08-21T10:22:21
2026-08-21,interbank_3m,Lãi suất liên ngân hàng 3 tháng,7.89,%/năm,lien_nh,19/08/2026,https://finance.vietstock.vn/vi-mo/du-lieu/lai-suat-lien-ngan-hang-vnibor-66,2026-08-21T10:22:21
2026-08-21,interbank_on,Lãi suất liên ngân hàng qua đêm (ON),4.02,%/năm,lien_nh,19/08/2026,https://finance.vietstock.vn/vi-mo/du-lieu/lai-suat-lien-ngan-hang-vnibor-66,2026-08-21T10:22:21
2026-08-21,m2_yoy,Tăng trưởng cung tiền M2 (YoY),5.2803,%,tang_truong,Tháng 05/2026,https://data.vietnambiz.vn/currency-interest-rate,
2026-08-21,omo_rate,Lãi suất OMO,4.5,%/năm,dieu_hanh,Ngày 20/08/2026,https://data.vietnambiz.vn/currency-interest-rate,
2026-08-21,refi_rate,Lãi suất tái cấp vốn,4.5,%/năm,dieu_hanh,Ngày 03/02/2025,https://data.vietnambiz.vn/currency-interest-rate,
2026-08-21,tin_phieu_rate,Lãi suất tín phiếu,3.4,%/năm,dieu_hanh,Ngày 16/07/2025,https://data.vietnambiz.vn/currency-interest-rate,
2026-08-22,credit_yoy,Tăng trưởng tín dụng (YoY),17.4052,%,tang_truong,Tháng 06/2026,https://data.vietnambiz.vn/currency-interest-rate,
2026-08-22,dep_12m,Lãi suất huy động 12 tháng nhóm NHTM lớn,5.9125,%/năm,huy_dong,Ngày 21/08/2026,https://data.vietnambiz.vn/currency-interest-rate,
2026-08-22,dep_1_3m,Lãi suất huy động 1-3 tháng nhóm NHTM lớn,4.1875,%/năm,huy_dong,Ngày 21/08/2026,https://data.vietnambiz.vn/currency-interest-rate,
2026-08-22,dep_6_9m,Lãi suất huy động 6-9 tháng nhóm NHTM lớn,5.2875,%/năm,huy_dong,Ngày 21/08/2026,https://data.vietnambiz.vn/currency-interest-rate,
2026-08-22,deposit_yoy,Tăng trưởng huy động (YoY),10.7567,%,tang_truong,Tháng 05/2026,https://data.vietnambiz.vn/currency-interest-rate,
2026-08-22,discount_rate,Lãi suất chiết khấu,3.0,%/năm,dieu_hanh,Ngày 03/02/2025,https://data.vietnambiz.vn/currency-interest-rate,
2026-08-22,fx_bank_sell,Tỷ giá USD NHTM bán ra,26280.0,VND/USD,ty_gia,Ngày 21/08/2026,https://data.vietnambiz.vn/currency-interest-rate,
2026-08-22,fx_central,Tỷ giá trung tâm,25600.0,VND/USD,ty_gia,Ngày 21/08/2026,https://data.vietnambiz.vn/currency-interest-rate,
2026-08-22,fx_free_sell,Tỷ giá USD tự do bán ra,25910.0,VND/USD,ty_gia,Ngày 21/08/2026,https://data.vietnambiz.vn/currency-interest-rate,
2026-08-22,interbank_1m,Lãi suất liên ngân hàng 1 tháng,6.93,%/năm,lien_nh,20/08/2026,https://finance.vietstock.vn/vi-mo/du-lieu/lai-suat-lien-ngan-hang-vnibor-66,2026-08-22T10:15:42
2026-08-22,interbank_1w,Lãi suất liên ngân hàng 1 tuần,3.73,%/năm,lien_nh,20/08/2026,https://finance.vietstock.vn/vi-mo/du-lieu/lai-suat-lien-ngan-hang-vnibor-66,2026-08-22T10:15:42
2026-08-22,interbank_2w,Lãi suất liên ngân hàng 2 tuần,5.64,%/năm,lien_nh,20/08/2026,https://finance.vietstock.vn/vi-mo/du-lieu/lai-suat-lien-ngan-hang-vnibor-66,2026-08-22T10:15:42
2026-08-22,interbank_3m,Lãi suất liên ngân hàng 3 tháng,7.56,%/năm,lien_nh,20/08/2026,https://finance.vietstock.vn/vi-mo/du-lieu/lai-suat-lien-ngan-hang-vnibor-66,2026-08-22T10:15:42
2026-08-22,interbank_6m,Lãi suất liên ngân hàng 6 tháng,8.44,%/năm,lien_nh,20/08/2026,https://finance.vietstock.vn/vi-mo/du-lieu/lai-suat-lien-ngan-hang-vnibor-66,2026-08-22T10:15:42
2026-08-22,interbank_on,Lãi suất liên ngân hàng qua đêm (ON),3.01,%/năm,lien_nh,20/08/2026,https://finance.vietstock.vn/vi-mo/du-lieu/lai-suat-lien-ngan-hang-vnibor-66,2026-08-22T10:15:42
2026-08-22,m2_yoy,Tăng trưởng cung tiền M2 (YoY),5.2803,%,tang_truong,Tháng 05/2026,https://data.vietnambiz.vn/currency-interest-rate,
2026-08-22,omo_rate,Lãi suất OMO,4.5,%/năm,dieu_hanh,Ngày 21/08/2026,https://data.vietnambiz.vn/currency-interest-rate,
2026-08-22,refi_rate,Lãi suất tái cấp vốn,4.5,%/năm,dieu_hanh,Ngày 03/02/2025,https://data.vietnambiz.vn/currency-interest-rate,
2026-08-22,tin_phieu_rate,Lãi suất tín phiếu,3.4,%/năm,dieu_hanh,Ngày 16/07/2025,https://data.vietnambiz.vn/currency-interest-rate,
2026-08-23,credit_yoy,Tăng trưởng tín dụng (YoY),17.4052,%,tang_truong,Tháng 06/2026,https://data.vietnambiz.vn/currency-interest-rate,
2026-08-23,dep_12m,Lãi suất huy động 12 tháng nhóm NHTM lớn,5.9125,%/năm,huy_dong,Ngày 21/08/2026,https://data.vietnambiz.vn/currency-interest-rate,
2026-08-23,dep_1_3m,Lãi suất huy động 1-3 tháng nhóm NHTM lớn,4.1875,%/năm,huy_dong,Ngày 21/08/2026,https://data.vietnambiz.vn/currency-interest-rate,
2026-08-23,dep_6_9m,Lãi suất huy động 6-9 tháng nhóm NHTM lớn,5.2875,%/năm,huy_dong,Ngày 21/08/2026,https://data.vietnambiz.vn/currency-interest-rate,
2026-08-23,deposit_yoy,Tăng trưởng huy động (YoY),10.7567,%,tang_truong,Tháng 05/2026,https://data.vietnambiz.vn/currency-interest-rate,
2026-08-23,discount_rate,Lãi suất chiết khấu,3.0,%/năm,dieu_hanh,Ngày 03/02/2025,https://data.vietnambiz.vn/currency-interest-rate,
2026-08-23,fx_bank_sell,Tỷ giá USD NHTM bán ra,26280.0,VND/USD,ty_gia,Ngày 21/08/2026,https://data.vietnambiz.vn/currency-interest-rate,
2026-08-23,fx_central,Tỷ giá trung tâm,25600.0,VND/USD,ty_gia,Ngày 21/08/2026,https://data.vietnambiz.vn/currency-interest-rate,
2026-08-23,fx_free_sell,Tỷ giá USD tự do bán ra,25910.0,VND/USD,ty_gia,Ngày 21/08/2026,https://data.vietnambiz.vn/currency-interest-rate,
2026-08-23,interbank_1m,Lãi suất liên ngân hàng _1M,6.93,%/năm,lien_nh,20/08/2026,https://data.vietnambiz.vn/currency-interest-rate,
2026-08-23,interbank_1w,Lãi suất liên ngân hàng _1W,3.73,%/năm,lien_nh,20/08/2026,https://data.vietnambiz.vn/currency-interest-rate,
2026-08-23,interbank_2w,Lãi suất liên ngân hàng _2W,5.64,%/năm,lien_nh,20/08/2026,https://data.vietnambiz.vn/currency-interest-rate,
2026-08-23,interbank_3m,Lãi suất liên ngân hàng _3M,7.56,%/năm,lien_nh,20/08/2026,https://data.vietnambiz.vn/currency-interest-rate,
2026-08-23,interbank_on,Lãi suất liên ngân hàng _ON,3.01,%/năm,lien_nh,20/08/2026,https://data.vietnambiz.vn/currency-interest-rate,
2026-08-23,m2_yoy,Tăng trưởng cung tiền M2 (YoY),5.2803,%,tang_truong,Tháng 05/2026,https://data.vietnambiz.vn/currency-interest-rate,
2026-08-23,omo_rate,Lãi suất OMO,4.5,%/năm,dieu_hanh,Ngày 21/08/2026,https://data.vietnambiz.vn/currency-interest-rate,
2026-08-23,refi_rate,Lãi suất tái cấp vốn,4.5,%/năm,dieu_hanh,Ngày 03/02/2025,https://data.vietnambiz.vn/currency-interest-rate,
2026-08-23,tin_phieu_rate,Lãi suất tín phiếu,3.4,%/năm,dieu_hanh,Ngày 16/07/2025,https://data.vietnambiz.vn/currency-interest-rate,
2026-08-24,credit_yoy,Tăng trưởng tín dụng (YoY),17.4052,%,tang_truong,Tháng 06/2026,https://data.vietnambiz.vn/currency-interest-rate,2026-08-24T06:46:40
2026-08-24,dep_12m,Lãi suất huy động 12 tháng nhóm NHTM lớn,5.9125,%/năm,huy_dong,Ngày 24/08/2026,https://data.vietnambiz.vn/currency-interest-rate,2026-08-24T06:46:40
2026-08-24,dep_1_3m,Lãi suất huy động 1-3 tháng nhóm NHTM lớn,4.1875,%/năm,huy_dong,Ngày 24/08/2026,https://data.vietnambiz.vn/currency-interest-rate,2026-08-24T06:46:40
2026-08-24,dep_6_9m,Lãi suất huy động 6-9 tháng nhóm NHTM lớn,5.2875,%/năm,huy_dong,Ngày 24/08/2026,https://data.vietnambiz.vn/currency-interest-rate,2026-08-24T06:46:40
2026-08-24,deposit_yoy,Tăng trưởng huy động (YoY),10.7567,%,tang_truong,Tháng 05/2026,https://data.vietnambiz.vn/currency-interest-rate,2026-08-24T06:46:40
2026-08-24,discount_rate,Lãi suất chiết khấu,3.0,%/năm,dieu_hanh,Ngày 03/02/2025,https://data.vietnambiz.vn/currency-interest-rate,2026-08-24T06:46:40
2026-08-24,fx_bank_sell,Tỷ giá USD NHTM bán ra,26330.0,VND/USD,ty_gia,Ngày 24/08/2026,https://data.vietnambiz.vn/currency-interest-rate,2026-08-24T06:36:25
2026-08-24,fx_central,Tỷ giá trung tâm,25600.0,VND/USD,ty_gia,Ngày 24/08/2026,https://data.vietnambiz.vn/currency-interest-rate,2026-08-24T06:46:40
2026-08-24,fx_free_sell,Tỷ giá USD tự do bán ra,25970.0,VND/USD,ty_gia,Ngày 24/08/2026,https://data.vietnambiz.vn/currency-interest-rate,2026-08-24T06:36:25
2026-08-24,fx_reserves,Dự trữ ngoại hối (Triệu USD),86318.35,Triệu USD,khac,Tháng 06/2026,https://data.vietnambiz.vn/currency-interest-rate,2026-08-24T06:46:40
2026-08-24,interbank_1m,Lãi suất liên ngân hàng 1 tháng,6.93,%/năm,lien_nh,20/08/2026,https://finance.vietstock.vn/vi-mo/du-lieu/lai-suat-lien-ngan-hang-vnibor-66,2026-08-24T06:46:52
2026-08-24,interbank_1w,Lãi suất liên ngân hàng 1 tuần,3.73,%/năm,lien_nh,20/08/2026,https://finance.vietstock.vn/vi-mo/du-lieu/lai-suat-lien-ngan-hang-vnibor-66,2026-08-24T06:46:52
2026-08-24,interbank_2w,Lãi suất liên ngân hàng 2 tuần,5.64,%/năm,lien_nh,20/08/2026,https://finance.vietstock.vn/vi-mo/du-lieu/lai-suat-lien-ngan-hang-vnibor-66,2026-08-24T06:46:52
2026-08-24,interbank_3m,Lãi suất liên ngân hàng 3 tháng,7.56,%/năm,lien_nh,20/08/2026,https://finance.vietstock.vn/vi-mo/du-lieu/lai-suat-lien-ngan-hang-vnibor-66,2026-08-24T06:46:52
2026-08-24,interbank_6m,Lãi suất liên ngân hàng 6 tháng,8.44,%/năm,lien_nh,20/08/2026,https://finance.vietstock.vn/vi-mo/du-lieu/lai-suat-lien-ngan-hang-vnibor-66,2026-08-24T06:46:52
2026-08-24,interbank_on,Lãi suất liên ngân hàng qua đêm (ON),3.01,%/năm,lien_nh,20/08/2026,https://finance.vietstock.vn/vi-mo/du-lieu/lai-suat-lien-ngan-hang-vnibor-66,2026-08-24T06:46:52
2026-08-24,m2_yoy,Tăng trưởng cung tiền M2 (YoY),5.2803,%,tang_truong,Tháng 05/2026,https://data.vietnambiz.vn/currency-interest-rate,2026-08-24T06:46:40
2026-08-24,omo_rate,Lãi suất OMO,4.5,%/năm,dieu_hanh,Ngày 21/08/2026,https://data.vietnambiz.vn/currency-interest-rate,2026-08-24T06:46:40
2026-08-24,refi_rate,Lãi suất tái cấp vốn,4.5,%/năm,dieu_hanh,Ngày 03/02/2025,https://data.vietnambiz.vn/currency-interest-rate,2026-08-24T06:46:40
2026-08-24,tin_phieu_rate,Lãi suất tín phiếu,3.4,%/năm,dieu_hanh,Ngày 16/07/2025,https://data.vietnambiz.vn/currency-interest-rate,2026-08-24T06:46:40
2026-08-25,m2_yoy,Tăng trưởng cung tiền M2 (YoY),5.2803,%,tang_truong,Tháng 05/2026,https://data.vietnambiz.vn/currency-interest-rate,2026-08-25T10:24:35
2026-08-25,deposit_yoy,Tăng trưởng huy động (YoY),10.7567,%,tang_truong,Tháng 05/2026,https://data.vietnambiz.vn/currency-interest-rate,2026-08-25T10:24:35
2026-08-25,credit_yoy,Tăng trưởng tín dụng (YoY),17.4052,%,tang_truong,Tháng 06/2026,https://data.vietnambiz.vn/currency-interest-rate,2026-08-25T10:24:35
2026-08-25,fx_central,Tỷ giá trung tâm,25615.0,VND/USD,ty_gia,Ngày 25/08/2026,https://data.vietnambiz.vn/currency-interest-rate,2026-08-25T10:24:35
2026-08-25,fx_bank_sell,Tỷ giá USD NHTM bán ra,26310.0,VND/USD,ty_gia,Ngày 25/08/2026,https://data.vietnambiz.vn/currency-interest-rate,2026-08-25T10:24:35
2026-08-25,fx_free_sell,Tỷ giá USD tự do bán ra,25970.0,VND/USD,ty_gia,Ngày 25/08/2026,https://data.vietnambiz.vn/currency-interest-rate,2026-08-25T10:24:35
2026-08-25,fx_reserves,Dự trữ ngoại hối (Triệu USD),86318.35,Triệu USD,khac,Tháng 06/2026,https://data.vietnambiz.vn/currency-interest-rate,2026-08-25T10:24:35
2026-08-25,omo_rate,Lãi suất OMO,4.5,%/năm,dieu_hanh,Ngày 25/08/2026,https://data.vietnambiz.vn/currency-interest-rate,2026-08-25T10:24:35
2026-08-25,tin_phieu_rate,Lãi suất tín phiếu,3.4,%/năm,dieu_hanh,Ngày 16/07/2025,https://data.vietnambiz.vn/currency-interest-rate,2026-08-25T10:24:35
2026-08-25,discount_rate,Lãi suất chiết khấu,3.0,%/năm,dieu_hanh,Ngày 03/02/2025,https://data.vietnambiz.vn/currency-interest-rate,2026-08-25T10:24:35
2026-08-25,refi_rate,Lãi suất tái cấp vốn,4.5,%/năm,dieu_hanh,Ngày 03/02/2025,https://data.vietnambiz.vn/currency-interest-rate,2026-08-25T10:24:35
2026-08-25,dep_1_3m,Lãi suất huy động 1-3 tháng nhóm NHTM lớn,4.1875,%/năm,huy_dong,Ngày 25/08/2026,https://data.vietnambiz.vn/currency-interest-rate,2026-08-25T10:24:35
2026-08-25,dep_6_9m,Lãi suất huy động 6-9 tháng nhóm NHTM lớn,5.2875,%/năm,huy_dong,Ngày 25/08/2026,https://data.vietnambiz.vn/currency-interest-rate,2026-08-25T10:24:35
2026-08-25,dep_12m,Lãi suất huy động 12 tháng nhóm NHTM lớn,5.9125,%/năm,huy_dong,Ngày 25/08/2026,https://data.vietnambiz.vn/currency-interest-rate,2026-08-25T10:24:35
2026-08-25,interbank_on,Lãi suất liên ngân hàng qua đêm (ON),3.28,%/năm,lien_nh,22/08/2026,https://finance.vietstock.vn/vi-mo/du-lieu/lai-suat-lien-ngan-hang-vnibor-66,2026-08-25T10:24:37
2026-08-25,interbank_1w,Lãi suất liên ngân hàng 1 tuần,3.5,%/năm,lien_nh,22/08/2026,https://finance.vietstock.vn/vi-mo/du-lieu/lai-suat-lien-ngan-hang-vnibor-66,2026-08-25T10:24:37
2026-08-25,interbank_2w,Lãi suất liên ngân hàng 2 tuần,6.12,%/năm,lien_nh,22/08/2026,https://finance.vietstock.vn/vi-mo/du-lieu/lai-suat-lien-ngan-hang-vnibor-66,2026-08-25T10:24:37
2026-08-25,interbank_1m,Lãi suất liên ngân hàng 1 tháng,7.08,%/năm,lien_nh,22/08/2026,https://finance.vietstock.vn/vi-mo/du-lieu/lai-suat-lien-ngan-hang-vnibor-66,2026-08-25T10:24:37
2026-08-25,interbank_3m,Lãi suất liên ngân hàng 3 tháng,6.9,%/năm,lien_nh,22/08/2026,https://finance.vietstock.vn/vi-mo/du-lieu/lai-suat-lien-ngan-hang-vnibor-66,2026-08-25T10:24:37
2026-08-25,interbank_6m,Lãi suất liên ngân hàng 6 tháng,8.44,%/năm,lien_nh,22/08/2026,https://finance.vietstock.vn/vi-mo/du-lieu/lai-suat-lien-ngan-hang-vnibor-66,2026-08-25T10:24:37
2026-08-26,m2_yoy,Tăng trưởng cung tiền M2 (YoY),5.2803,%,tang_truong,Tháng 05/2026,https://data.vietnambiz.vn/currency-interest-rate,2026-08-26T10:27:20
2026-08-26,deposit_yoy,Tăng trưởng huy động (YoY),10.7567,%,tang_truong,Tháng 05/2026,https://data.vietnambiz.vn/currency-interest-rate,2026-08-26T10:27:20
2026-08-26,credit_yoy,Tăng trưởng tín dụng (YoY),17.4052,%,tang_truong,Tháng 06/2026,https://data.vietnambiz.vn/currency-interest-rate,2026-08-26T10:27:20
2026-08-26,fx_central,Tỷ giá trung tâm,25611.0,VND/USD,ty_gia,Ngày 26/08/2026,https://data.vietnambiz.vn/currency-interest-rate,2026-08-26T10:27:20
2026-08-26,fx_bank_sell,Tỷ giá USD NHTM bán ra,26270.0,VND/USD,ty_gia,Ngày 26/08/2026,https://data.vietnambiz.vn/currency-interest-rate,2026-08-26T10:27:20
2026-08-26,fx_free_sell,Tỷ giá USD tự do bán ra,25860.0,VND/USD,ty_gia,Ngày 26/08/2026,https://data.vietnambiz.vn/currency-interest-rate,2026-08-26T10:27:20
2026-08-26,fx_reserves,Dự trữ ngoại hối (Triệu USD),86318.35,Triệu USD,khac,Tháng 06/2026,https://data.vietnambiz.vn/currency-interest-rate,2026-08-26T10:27:20
2026-08-26,omo_rate,Lãi suất OMO,4.5,%/năm,dieu_hanh,Ngày 26/08/2026,https://data.vietnambiz.vn/currency-interest-rate,2026-08-26T10:27:20
2026-08-26,tin_phieu_rate,Lãi suất tín phiếu,3.4,%/năm,dieu_hanh,Ngày 16/07/2025,https://data.vietnambiz.vn/currency-interest-rate,2026-08-26T10:27:20
2026-08-26,discount_rate,Lãi suất chiết khấu,3.0,%/năm,dieu_hanh,Ngày 03/02/2025,https://data.vietnambiz.vn/currency-interest-rate,2026-08-26T10:27:20
2026-08-26,refi_rate,Lãi suất tái cấp vốn,4.5,%/năm,dieu_hanh,Ngày 03/02/2025,https://data.vietnambiz.vn/currency-interest-rate,2026-08-26T10:27:20
2026-08-26,dep_1_3m,Lãi suất huy động 1-3 tháng nhóm NHTM lớn,4.1875,%/năm,huy_dong,Ngày 26/08/2026,https://data.vietnambiz.vn/currency-interest-rate,2026-08-26T10:27:20
2026-08-26,dep_6_9m,Lãi suất huy động 6-9 tháng nhóm NHTM lớn,5.2875,%/năm,huy_dong,Ngày 26/08/2026,https://data.vietnambiz.vn/currency-interest-rate,2026-08-26T10:27:20
2026-08-26,dep_12m,Lãi suất huy động 12 tháng nhóm NHTM lớn,5.9125,%/năm,huy_dong,Ngày 26/08/2026,https://data.vietnambiz.vn/currency-interest-rate,2026-08-26T10:27:20
2026-08-26,interbank_on,Lãi suất liên ngân hàng qua đêm (ON),3.96,%/năm,lien_nh,24/08/2026,https://finance.vietstock.vn/vi-mo/du-lieu/lai-suat-lien-ngan-hang-vnibor-66,2026-08-26T10:27:21
2026-08-26,interbank_1w,Lãi suất liên ngân hàng 1 tuần,4.6,%/năm,lien_nh,24/08/2026,https://finance.vietstock.vn/vi-mo/du-lieu/lai-suat-lien-ngan-hang-vnibor-66,2026-08-26T10:27:21
2026-08-26,interbank_2w,Lãi suất liên ngân hàng 2 tuần,6.23,%/năm,lien_nh,24/08/2026,https://finance.vietstock.vn/vi-mo/du-lieu/lai-suat-lien-ngan-hang-vnibor-66,2026-08-26T10:27:21
2026-08-26,interbank_1m,Lãi suất liên ngân hàng 1 tháng,6.79,%/năm,lien_nh,24/08/2026,https://finance.vietstock.vn/vi-mo/du-lieu/lai-suat-lien-ngan-hang-vnibor-66,2026-08-26T10:27:21
2026-08-26,interbank_3m,Lãi suất liên ngân hàng 3 tháng,7.62,%/năm,lien_nh,24/08/2026,https://finance.vietstock.vn/vi-mo/du-lieu/lai-suat-lien-ngan-hang-vnibor-66,2026-08-26T10:27:21
2026-08-26,interbank_6m,Lãi suất liên ngân hàng 6 tháng,8.44,%/năm,lien_nh,24/08/2026,https://finance.vietstock.vn/vi-mo/du-lieu/lai-suat-lien-ngan-hang-vnibor-66,2026-08-26T10:27:21
2026-08-27,m2_yoy,Tăng trưởng cung tiền M2 (YoY),5.2803,%,tang_truong,Tháng 05/2026,https://data.vietnambiz.vn/currency-interest-rate,2026-08-27T20:06:10
2026-08-27,deposit_yoy,Tăng trưởng huy động (YoY),10.7567,%,tang_truong,Tháng 05/2026,https://data.vietnambiz.vn/currency-interest-rate,2026-08-27T20:06:10
2026-08-27,credit_yoy,Tăng trưởng tín dụng (YoY),17.4052,%,tang_truong,Tháng 06/2026,https://data.vietnambiz.vn/currency-interest-rate,2026-08-27T20:06:10
2026-08-27,fx_central,Tỷ giá trung tâm,25611.0,VND/USD,ty_gia,Ngày 27/08/2026,https://data.vietnambiz.vn/currency-interest-rate,2026-08-27T20:06:10
2026-08-27,fx_bank_sell,Tỷ giá USD NHTM bán ra,26270.0,VND/USD,ty_gia,Ngày 27/08/2026,https://data.vietnambiz.vn/currency-interest-rate,2026-08-27T20:06:10
2026-08-27,fx_free_sell,Tỷ giá USD tự do bán ra,25890.0,VND/USD,ty_gia,Ngày 27/08/2026,https://data.vietnambiz.vn/currency-interest-rate,2026-08-27T20:06:10
2026-08-27,fx_reserves,Dự trữ ngoại hối (Triệu USD),86318.35,Triệu USD,khac,Tháng 06/2026,https://data.vietnambiz.vn/currency-interest-rate,2026-08-27T20:06:10
2026-08-27,omo_rate,Lãi suất OMO,4.5,%/năm,dieu_hanh,Ngày 27/08/2026,https://data.vietnambiz.vn/currency-interest-rate,2026-08-27T20:06:10
2026-08-27,tin_phieu_rate,Lãi suất tín phiếu,3.4,%/năm,dieu_hanh,Ngày 16/07/2025,https://data.vietnambiz.vn/currency-interest-rate,2026-08-27T20:06:10
2026-08-27,discount_rate,Lãi suất chiết khấu,3.0,%/năm,dieu_hanh,Ngày 03/02/2025,https://data.vietnambiz.vn/currency-interest-rate,2026-08-27T20:06:10
2026-08-27,refi_rate,Lãi suất tái cấp vốn,4.5,%/năm,dieu_hanh,Ngày 03/02/2025,https://data.vietnambiz.vn/currency-interest-rate,2026-08-27T20:06:10
2026-08-27,dep_1_3m,Lãi suất huy động 1-3 tháng nhóm NHTM lớn,4.1875,%/năm,huy_dong,Ngày 27/08/2026,https://data.vietnambiz.vn/currency-interest-rate,2026-08-27T20:06:10
2026-08-27,dep_6_9m,Lãi suất huy động 6-9 tháng nhóm NHTM lớn,5.2875,%/năm,huy_dong,Ngày 27/08/2026,https://data.vietnambiz.vn/currency-interest-rate,2026-08-27T20:06:10
2026-08-27,dep_12m,Lãi suất huy động 12 tháng nhóm NHTM lớn,5.9125,%/năm,huy_dong,Ngày 27/08/2026,https://data.vietnambiz.vn/currency-interest-rate,2026-08-27T20:06:10
2026-08-27,interbank_on,Lãi suất liên ngân hàng qua đêm (ON),2.7,%/năm,lien_nh,25/08/2026,https://finance.vietstock.vn/vi-mo/du-lieu/lai-suat-lien-ngan-hang-vnibor-66,2026-08-27T20:06:11
2026-08-27,interbank_1w,Lãi suất liên ngân hàng 1 tuần,6.22,%/năm,lien_nh,25/08/2026,https://finance.vietstock.vn/vi-mo/du-lieu/lai-suat-lien-ngan-hang-vnibor-66,2026-08-27T20:06:11
2026-08-27,interbank_2w,Lãi suất liên ngân hàng 2 tuần,6.29,%/năm,lien_nh,25/08/2026,https://finance.vietstock.vn/vi-mo/du-lieu/lai-suat-lien-ngan-hang-vnibor-66,2026-08-27T20:06:11
2026-08-27,interbank_1m,Lãi suất liên ngân hàng 1 tháng,6.29,%/năm,lien_nh,25/08/2026,https://finance.vietstock.vn/vi-mo/du-lieu/lai-suat-lien-ngan-hang-vnibor-66,2026-08-27T20:06:11
2026-08-27,interbank_3m,Lãi suất liên ngân hàng 3 tháng,7.86,%/năm,lien_nh,25/08/2026,https://finance.vietstock.vn/vi-mo/du-lieu/lai-suat-lien-ngan-hang-vnibor-66,2026-08-27T20:06:11
2026-08-27,interbank_6m,Lãi suất liên ngân hàng 6 tháng,8.77,%/năm,lien_nh,25/08/2026,https://finance.vietstock.vn/vi-mo/du-lieu/lai-suat-lien-ngan-hang-vnibor-66,2026-08-27T20:06:11
2026-08-28,m2_yoy,Tăng trưởng cung tiền M2 (YoY),5.2803,%,tang_truong,Tháng 05/2026,https://data.vietnambiz.vn/currency-interest-rate,2026-08-28T21:04:40
2026-08-28,deposit_yoy,Tăng trưởng huy động (YoY),10.7567,%,tang_truong,Tháng 05/2026,https://data.vietnambiz.vn/currency-interest-rate,2026-08-28T21:04:40
2026-08-28,credit_yoy,Tăng trưởng tín dụng (YoY),17.4052,%,tang_truong,Tháng 06/2026,https://data.vietnambiz.vn/currency-interest-rate,2026-08-28T21:04:40
2026-08-28,fx_central,Tỷ giá trung tâm,25610.0,VND/USD,ty_gia,Ngày 28/08/2026,https://data.vietnambiz.vn/currency-interest-rate,2026-08-28T21:04:40
2026-08-28,fx_bank_sell,Tỷ giá USD NHTM bán ra,26260.0,VND/USD,ty_gia,Ngày 28/08/2026,https://data.vietnambiz.vn/currency-interest-rate,2026-08-28T21:04:40
2026-08-28,fx_free_sell,Tỷ giá USD tự do bán ra,25890.0,VND/USD,ty_gia,Ngày 28/08/2026,https://data.vietnambiz.vn/currency-interest-rate,2026-08-28T21:04:40
2026-08-28,fx_reserves,Dự trữ ngoại hối (Triệu USD),86318.35,Triệu USD,khac,Tháng 06/2026,https://data.vietnambiz.vn/currency-interest-rate,2026-08-28T21:04:40
2026-08-28,omo_rate,Lãi suất OMO,4.5,%/năm,dieu_hanh,Ngày 28/08/2026,https://data.vietnambiz.vn/currency-interest-rate,2026-08-28T21:04:40
2026-08-28,tin_phieu_rate,Lãi suất tín phiếu,3.4,%/năm,dieu_hanh,Ngày 16/07/2025,https://data.vietnambiz.vn/currency-interest-rate,2026-08-28T21:04:40
2026-08-28,discount_rate,Lãi suất chiết khấu,3.0,%/năm,dieu_hanh,Ngày 03/02/2025,https://data.vietnambiz.vn/currency-interest-rate,2026-08-28T21:04:40
2026-08-28,refi_rate,Lãi suất tái cấp vốn,4.5,%/năm,dieu_hanh,Ngày 03/02/2025,https://data.vietnambiz.vn/currency-interest-rate,2026-08-28T21:04:40
2026-08-28,dep_1_3m,Lãi suất huy động 1-3 tháng nhóm NHTM lớn,4.1875,%/năm,huy_dong,Ngày 28/08/2026,https://data.vietnambiz.vn/currency-interest-rate,2026-08-28T21:04:40
2026-08-28,dep_6_9m,Lãi suất huy động 6-9 tháng nhóm NHTM lớn,5.2875,%/năm,huy_dong,Ngày 28/08/2026,https://data.vietnambiz.vn/currency-interest-rate,2026-08-28T21:04:40
2026-08-28,dep_12m,Lãi suất huy động 12 tháng nhóm NHTM lớn,5.9125,%/năm,huy_dong,Ngày 28/08/2026,https://data.vietnambiz.vn/currency-interest-rate,2026-08-28T21:04:40
2026-08-28,interbank_on,Lãi suất liên ngân hàng qua đêm (ON),2.06,%/năm,lien_nh,26/08/2026,https://finance.vietstock.vn/vi-mo/du-lieu/lai-suat-lien-ngan-hang-vnibor-66,2026-08-28T21:04:42
2026-08-28,interbank_1w,Lãi suất liên ngân hàng 1 tuần,6.28,%/năm,lien_nh,26/08/2026,https://finance.vietstock.vn/vi-mo/du-lieu/lai-suat-lien-ngan-hang-vnibor-66,2026-08-28T21:04:42
2026-08-28,interbank_2w,Lãi suất liên ngân hàng 2 tuần,6.34,%/năm,lien_nh,26/08/2026,https://finance.vietstock.vn/vi-mo/du-lieu/lai-suat-lien-ngan-hang-vnibor-66,2026-08-28T21:04:42
2026-08-28,interbank_1m,Lãi suất liên ngân hàng 1 tháng,6.49,%/năm,lien_nh,26/08/2026,https://finance.vietstock.vn/vi-mo/du-lieu/lai-suat-lien-ngan-hang-vnibor-66,2026-08-28T21:04:42
2026-08-28,interbank_3m,Lãi suất liên ngân hàng 3 tháng,7.57,%/năm,lien_nh,26/08/2026,https://finance.vietstock.vn/vi-mo/du-lieu/lai-suat-lien-ngan-hang-vnibor-66,2026-08-28T21:04:42
2026-08-28,interbank_6m,Lãi suất liên ngân hàng 6 tháng,8.77,%/năm,lien_nh,26/08/2026,https://finance.vietstock.vn/vi-mo/du-lieu/lai-suat-lien-ngan-hang-vnibor-66,2026-08-28T21:04:42
2026-08-29,m2_yoy,Tăng trưởng cung tiền M2 (YoY),5.2803,%,tang_truong,Tháng 05/2026,https://data.vietnambiz.vn/currency-interest-rate,2026-08-29T14:51:30
2026-08-29,deposit_yoy,Tăng trưởng huy động (YoY),10.7567,%,tang_truong,Tháng 05/2026,https://data.vietnambiz.vn/currency-interest-rate,2026-08-29T14:51:30
2026-08-29,credit_yoy,Tăng trưởng tín dụng (YoY),17.4052,%,tang_truong,Tháng 06/2026,https://data.vietnambiz.vn/currency-interest-rate,2026-08-29T14:51:30
2026-08-29,fx_central,Tỷ giá trung tâm,25610.0,VND/USD,ty_gia,Ngày 28/08/2026,https://data.vietnambiz.vn/currency-interest-rate,2026-08-29T14:51:30
2026-08-29,fx_bank_sell,Tỷ giá USD NHTM bán ra,26260.0,VND/USD,ty_gia,Ngày 28/08/2026,https://data.vietnambiz.vn/currency-interest-rate,2026-08-29T14:51:30
2026-08-29,fx_free_sell,Tỷ giá USD tự do bán ra,25890.0,VND/USD,ty_gia,Ngày 28/08/2026,https://data.vietnambiz.vn/currency-interest-rate,2026-08-29T14:51:30
2026-08-29,fx_reserves,Dự trữ ngoại hối (Triệu USD),86318.35,Triệu USD,khac,Tháng 06/2026,https://data.vietnambiz.vn/currency-interest-rate,2026-08-29T14:51:30
2026-08-29,omo_rate,Lãi suất OMO,4.5,%/năm,dieu_hanh,Ngày 28/08/2026,https://data.vietnambiz.vn/currency-interest-rate,2026-08-29T14:51:30
2026-08-29,tin_phieu_rate,Lãi suất tín phiếu,3.4,%/năm,dieu_hanh,Ngày 16/07/2025,https://data.vietnambiz.vn/currency-interest-rate,2026-08-29T14:51:30
2026-08-29,discount_rate,Lãi suất chiết khấu,3.0,%/năm,dieu_hanh,Ngày 03/02/2025,https://data.vietnambiz.vn/currency-interest-rate,2026-08-29T14:51:30
2026-08-29,refi_rate,Lãi suất tái cấp vốn,4.5,%/năm,dieu_hanh,Ngày 03/02/2025,https://data.vietnambiz.vn/currency-interest-rate,2026-08-29T14:51:30
2026-08-29,dep_1_3m,Lãi suất huy động 1-3 tháng nhóm NHTM lớn,4.1875,%/năm,huy_dong,Ngày 28/08/2026,https://data.vietnambiz.vn/currency-interest-rate,2026-08-29T14:51:30
2026-08-29,dep_6_9m,Lãi suất huy động 6-9 tháng nhóm NHTM lớn,5.2875,%/năm,huy_dong,Ngày 28/08/2026,https://data.vietnambiz.vn/currency-interest-rate,2026-08-29T14:51:30
2026-08-29,dep_12m,Lãi suất huy động 12 tháng nhóm NHTM lớn,5.9125,%/năm,huy_dong,Ngày 28/08/2026,https://data.vietnambiz.vn/currency-interest-rate,2026-08-29T14:51:30
2026-08-29,interbank_on,Lãi suất liên ngân hàng qua đêm (ON),1.19,%/năm,lien_nh,27/08/2026,https://finance.vietstock.vn/vi-mo/du-lieu/lai-suat-lien-ngan-hang-vnibor-66,2026-08-29T14:51:31
2026-08-29,interbank_1w,Lãi suất liên ngân hàng 1 tuần,6.41,%/năm,lien_nh,27/08/2026,https://finance.vietstock.vn/vi-mo/du-lieu/lai-suat-lien-ngan-hang-vnibor-66,2026-08-29T14:51:31
2026-08-29,interbank_2w,Lãi suất liên ngân hàng 2 tuần,6.53,%/năm,lien_nh,27/08/2026,https://finance.vietstock.vn/vi-mo/du-lieu/lai-suat-lien-ngan-hang-vnibor-66,2026-08-29T14:51:31
2026-08-29,interbank_1m,Lãi suất liên ngân hàng 1 tháng,6.7,%/năm,lien_nh,27/08/2026,https://finance.vietstock.vn/vi-mo/du-lieu/lai-suat-lien-ngan-hang-vnibor-66,2026-08-29T14:51:31
2026-08-29,interbank_3m,Lãi suất liên ngân hàng 3 tháng,7.11,%/năm,lien_nh,27/08/2026,https://finance.vietstock.vn/vi-mo/du-lieu/lai-suat-lien-ngan-hang-vnibor-66,2026-08-29T14:51:31
2026-08-29,interbank_6m,Lãi suất liên ngân hàng 6 tháng,8.5,%/năm,lien_nh,27/08/2026,https://finance.vietstock.vn/vi-mo/du-lieu/lai-suat-lien-ngan-hang-vnibor-66,2026-08-29T14:51:31
2026-08-30,m2_yoy,Tăng trưởng cung tiền M2 (YoY),5.2803,%,tang_truong,Tháng 05/2026,https://data.vietnambiz.vn/currency-interest-rate,2026-08-30T14:37:25
2026-08-30,deposit_yoy,Tăng trưởng huy động (YoY),10.7567,%,tang_truong,Tháng 05/2026,https://data.vietnambiz.vn/currency-interest-rate,2026-08-30T14:37:25
2026-08-30,credit_yoy,Tăng trưởng tín dụng (YoY),17.4052,%,tang_truong,Tháng 06/2026,https://data.vietnambiz.vn/currency-interest-rate,2026-08-30T14:37:25
2026-08-30,fx_central,Tỷ giá trung tâm,25610.0,VND/USD,ty_gia,Ngày 28/08/2026,https://data.vietnambiz.vn/currency-interest-rate,2026-08-30T14:37:25
2026-08-30,fx_bank_sell,Tỷ giá USD NHTM bán ra,26260.0,VND/USD,ty_gia,Ngày 28/08/2026,https://data.vietnambiz.vn/currency-interest-rate,2026-08-30T14:37:25
2026-08-30,fx_free_sell,Tỷ giá USD tự do bán ra,25890.0,VND/USD,ty_gia,Ngày 28/08/2026,https://data.vietnambiz.vn/currency-interest-rate,2026-08-30T14:37:25
2026-08-30,fx_reserves,Dự trữ ngoại hối (Triệu USD),86318.35,Triệu USD,khac,Tháng 06/2026,https://data.vietnambiz.vn/currency-interest-rate,2026-08-30T14:37:25
2026-08-30,omo_rate,Lãi suất OMO,4.5,%/năm,dieu_hanh,Ngày 28/08/2026,https://data.vietnambiz.vn/currency-interest-rate,2026-08-30T14:37:25
2026-08-30,tin_phieu_rate,Lãi suất tín phiếu,3.4,%/năm,dieu_hanh,Ngày 16/07/2025,https://data.vietnambiz.vn/currency-interest-rate,2026-08-30T14:37:25
2026-08-30,discount_rate,Lãi suất chiết khấu,3.0,%/năm,dieu_hanh,Ngày 03/02/2025,https://data.vietnambiz.vn/currency-interest-rate,2026-08-30T14:37:25
2026-08-30,refi_rate,Lãi suất tái cấp vốn,4.5,%/năm,dieu_hanh,Ngày 03/02/2025,https://data.vietnambiz.vn/currency-interest-rate,2026-08-30T14:37:25
2026-08-30,dep_1_3m,Lãi suất huy động 1-3 tháng nhóm NHTM lớn,4.1875,%/năm,huy_dong,Ngày 28/08/2026,https://data.vietnambiz.vn/currency-interest-rate,2026-08-30T14:37:25
2026-08-30,dep_6_9m,Lãi suất huy động 6-9 tháng nhóm NHTM lớn,5.2875,%/năm,huy_dong,Ngày 28/08/2026,https://data.vietnambiz.vn/currency-interest-rate,2026-08-30T14:37:25
2026-08-30,dep_12m,Lãi suất huy động 12 tháng nhóm NHTM lớn,5.9125,%/năm,huy_dong,Ngày 28/08/2026,https://data.vietnambiz.vn/currency-interest-rate,2026-08-30T14:37:25
2026-08-30,interbank_on,Lãi suất liên ngân hàng qua đêm (ON),1.19,%/năm,lien_nh,27/08/2026,https://finance.vietstock.vn/vi-mo/du-lieu/lai-suat-lien-ngan-hang-vnibor-66,2026-08-30T14:37:26
2026-08-30,interbank_1w,Lãi suất liên ngân hàng 1 tuần,6.41,%/năm,lien_nh,27/08/2026,https://finance.vietstock.vn/vi-mo/du-lieu/lai-suat-lien-ngan-hang-vnibor-66,2026-08-30T14:37:26
2026-08-30,interbank_2w,Lãi suất liên ngân hàng 2 tuần,6.53,%/năm,lien_nh,27/08/2026,https://finance.vietstock.vn/vi-mo/du-lieu/lai-suat-lien-ngan-hang-vnibor-66,2026-08-30T14:37:26
2026-08-30,interbank_1m,Lãi suất liên ngân hàng 1 tháng,6.7,%/năm,lien_nh,27/08/2026,https://finance.vietstock.vn/vi-mo/du-lieu/lai-suat-lien-ngan-hang-vnibor-66,2026-08-30T14:37:26
2026-08-30,interbank_3m,Lãi suất liên ngân hàng 3 tháng,7.11,%/năm,lien_nh,27/08/2026,https://finance.vietstock.vn/vi-mo/du-lieu/lai-suat-lien-ngan-hang-vnibor-66,2026-08-30T14:37:26
2026-08-30,interbank_6m,Lãi suất liên ngân hàng 6 tháng,8.5,%/năm,lien_nh,27/08/2026,https://finance.vietstock.vn/vi-mo/du-lieu/lai-suat-lien-ngan-hang-vnibor-66,2026-08-30T14:37:26
